FIPS Code,State,do_not_use,County,RUCA code,Tract Pop,Area sq mi,Pop Density
53001,WA,Adams,Adams,10,2447,623.7214516,3.923225654
53001,WA,Adams,Adams,10,1738,1015.259082,1.711878309
53001,WA,Adams,Adams,4,6934,279.9034602,24.77282702
53001,WA,Adams,Adams,4,2856,1.311323836,2177.951717
53001,WA,Adams,Adams,4,4753,4.782248798,993.883882
53003,WA,Asotin,Asotin,1,4304,517.4743949,8.317319741
53003,WA,Asotin,Asotin,1,4542,113.9879181,39.84632824
53003,WA,Asotin,Asotin,1,3775,1.531549953,2464.823294
53003,WA,Asotin,Asotin,1,2165,0.612648398,3533.837689
53003,WA,Asotin,Asotin,1,3424,0.714545396,4791.857902
53003,WA,Asotin,Asotin,1,3413,1.891934248,1803.973898
53005,WA,Benton,Benton,1,4448,2.497401918,1781.050926
53005,WA,Benton,Benton,1,4295,16.80585586,255.5656812
53005,WA,Benton,Benton,1,6060,2.017117068,3004.287702
53005,WA,Benton,Benton,1,5010,2.209678578,2267.298082
53005,WA,Benton,Benton,1,3617,0.580016973,6236.024406
53005,WA,Benton,Benton,1,3022,1.005028981,3006.878466
53005,WA,Benton,Benton,1,4296,3.024273858,1420.506278
53005,WA,Benton,Benton,2,2138,14.21830603,150.3695303
53005,WA,Benton,Benton,1,2803,18.95032178,147.9130557
53005,WA,Benton,Benton,1,5268,2.848785014,1849.209391
53005,WA,Benton,Benton,1,2491,2.154576392,1156.143736
53005,WA,Benton,Benton,1,2440,3.29787667,739.8699965
53005,WA,Benton,Benton,1,6690,4.416716603,1514.699856
53005,WA,Benton,Benton,1,5917,4.218058153,1402.778194
53005,WA,Benton,Benton,2,1082,37.63988366,28.74610373
53005,WA,Benton,Benton,1,6015,1.474089455,4080.485061
53005,WA,Benton,Benton,1,4548,2.273919802,2000.070537
53005,WA,Benton,Benton,1,3100,8.935380009,346.9354405
53005,WA,Benton,Benton,1,9288,7.928719361,1171.437603
53005,WA,Benton,Benton,1,2844,36.64874818,77.60155916
53005,WA,Benton,Benton,1,6177,2.832164473,2181.017401
53005,WA,Benton,Benton,1,4907,0.989803042,4957.551951
53005,WA,Benton,Benton,1,4975,1.675206603,2969.782945
53005,WA,Benton,Benton,1,4475,1.144046999,3911.552587
53005,WA,Benton,Benton,1,7365,1.995000363,3691.728652
53005,WA,Benton,Benton,1,8552,0.971724966,8800.844172
53005,WA,Benton,Benton,1,5067,2.027298968,2499.384689
53005,WA,Benton,Benton,1,3810,0.886350825,4298.52367
53005,WA,Benton,Benton,1,5016,2.823567136,1776.476265
53005,WA,Benton,Benton,1,6740,20.42658035,329.9622298
53005,WA,Benton,Benton,1,9380,32.7048191,286.8078852
53005,WA,Benton,Benton,1,2975,5.119038775,581.1637947
53005,WA,Benton,Benton,10,931,597.3565144,1.558533267
53005,WA,Benton,Benton,4,7076,13.56727097,521.5492502
53005,WA,Benton,Benton,6,6546,338.491978,19.33871532
53005,WA,Benton,Benton,2,5808,63.75965835,91.09208159
53005,WA,Benton,Benton,2,5,440.4632516,0.011351685
53007,WA,Chelan,Chelan,2,2369,1177.268997,2.012284368
53007,WA,Chelan,Chelan,7,6251,982.6130554,6.361608943
53007,WA,Chelan,Chelan,7,6396,175.4294167,36.45910772
53007,WA,Chelan,Chelan,7,3813,52.87698514,72.11076784
53007,WA,Chelan,Chelan,2,6831,320.9103305,21.28632004
53007,WA,Chelan,Chelan,2,4064,3.494720439,1162.897025
53007,WA,Chelan,Chelan,1,3455,52.91743746,65.29038756
53007,WA,Chelan,Chelan,1,2666,9.661655575,275.9361457
53007,WA,Chelan,Chelan,1,7202,2.688948366,2678.370508
53007,WA,Chelan,Chelan,1,6800,1.162115809,5851.396175
53007,WA,Chelan,Chelan,1,9596,2.639944278,3634.925207
53007,WA,Chelan,Chelan,2,3762,121.8686874,30.8692912
53007,WA,Chelan,Chelan,1,1327,6.452978547,205.6414709
53007,WA,Chelan,Chelan,1,7921,10.53970906,751.5387713
53009,WA,Clallam,Clallam,10,1783,358.6081009,4.972001457
53009,WA,Clallam,Clallam,7,4695,22.93388657,204.7188987
53009,WA,Clallam,Clallam,8,1758,409.4559315,4.29350234
53009,WA,Clallam,Clallam,5,3370,411.6932136,8.18570695
53009,WA,Clallam,Clallam,4,3534,4.756794626,742.9372672
53009,WA,Clallam,Clallam,4,4181,1.212978207,3446.887979
53009,WA,Clallam,Clallam,4,2806,0.89687404,3128.644465
53009,WA,Clallam,Clallam,4,2477,0.686843337,3606.353687
53009,WA,Clallam,Clallam,4,2969,4.273515939,694.7441035
53009,WA,Clallam,Clallam,4,3771,2.556496015,1475.065863
53009,WA,Clallam,Clallam,4,3090,3.850822089,802.4260609
53009,WA,Clallam,Clallam,5,4510,35.74598377,126.1680202
53009,WA,Clallam,Clallam,5,2072,197.1406972,10.51026008
53009,WA,Clallam,Clallam,4,3164,8.338678789,379.4366086
53009,WA,Clallam,Clallam,4,4670,12.49531581,373.7400536
53009,WA,Clallam,Clallam,5,2739,85.3174895,32.10361693
53009,WA,Clallam,Clallam,4,5693,14.39997791,395.3478286
53009,WA,Clallam,Clallam,4,5202,8.00347492,649.9676768
53009,WA,Clallam,Clallam,4,3523,1.456565436,2418.703557
53009,WA,Clallam,Clallam,5,3983,111.8983493,35.59480568
53009,WA,Clallam,Clallam,10,1414,42.60702791,33.18701326
53009,WA,Clallam,Clallam,4,0,0,
53011,WA,Clark,Clark,2,5154,128.9677497,39.96347935
53011,WA,Clark,Clark,2,3590,20.76889816,172.8546201
53011,WA,Clark,Clark,2,5670,23.08988574,245.562064
53011,WA,Clark,Clark,2,3658,26.99131772,135.5250617
53011,WA,Clark,Clark,2,5442,23.65799957,230.0279017
53011,WA,Clark,Clark,2,1471,10.94089741,134.4496658
53011,WA,Clark,Clark,2,6256,22.61418624,276.6405093
53011,WA,Clark,Clark,1,3848,16.49893899,233.2271186
53011,WA,Clark,Clark,1,5343,2.214714122,2412.500984
53011,WA,Clark,Clark,1,3454,7.844935575,440.2840491
53011,WA,Clark,Clark,1,1834,3.197184311,573.6297384
53011,WA,Clark,Clark,1,1874,0.791238029,2368.440256
53011,WA,Clark,Clark,1,4333,1.519327117,2851.920401
53011,WA,Clark,Clark,1,2707,2.533508649,1068.478689
53011,WA,Clark,Clark,1,5935,4.908272934,1209.182961
53011,WA,Clark,Clark,1,3839,1.388474387,2764.905163
53011,WA,Clark,Clark,1,3199,7.73905632,413.3578912
53011,WA,Clark,Clark,2,4883,75.16935716,64.95998083
53011,WA,Clark,Clark,2,5584,15.40022579,362.5920863
53011,WA,Clark,Clark,1,1998,9.854495851,202.7500981
53011,WA,Clark,Clark,1,6310,2.484209579,2540.043341
53011,WA,Clark,Clark,1,2990,0.73109026,4089.782294
53011,WA,Clark,Clark,1,5032,18.21083766,276.3189753
53011,WA,Clark,Clark,2,2188,33.26941051,65.76611867
53011,WA,Clark,Clark,2,4683,21.45316967,218.2894217
53011,WA,Clark,Clark,1,5486,8.531141457,643.0558006
53011,WA,Clark,Clark,1,4680,8.141719962,574.8171175
53011,WA,Clark,Clark,1,3817,3.722615317,1025.354401
53011,WA,Clark,Clark,1,4508,1.252372984,3599.566629
53011,WA,Clark,Clark,1,3193,1.152118852,2771.415463
53011,WA,Clark,Clark,1,6384,1.868591283,3416.47746
53011,WA,Clark,Clark,1,3702,0.730136201,5070.286877
53011,WA,Clark,Clark,1,3245,0.639635782,5073.19961
53011,WA,Clark,Clark,1,4196,4.490482195,934.4208077
53011,WA,Clark,Clark,1,4705,10.76240353,437.1700044
53011,WA,Clark,Clark,1,3098,0.776586996,3989.250421
53011,WA,Clark,Clark,1,5413,1.127317578,4801.663794
53011,WA,Clark,Clark,1,5035,1.45637586,3457.211932
53011,WA,Clark,Clark,1,5735,4.940025205,1160.925251
53011,WA,Clark,Clark,1,4611,1.34941436,3417.037891
53011,WA,Clark,Clark,1,1605,1.430337129,1122.113079
53011,WA,Clark,Clark,1,6176,0.8824871,6998.40258
53011,WA,Clark,Clark,1,2728,0.854082722,3194.070002
53011,WA,Clark,Clark,1,5797,1.6297284,3557.034411
53011,WA,Clark,Clark,1,3157,10.13718674,311.4276261
53011,WA,Clark,Clark,1,4661,2.101611282,2217.822126
53011,WA,Clark,Clark,1,6161,1.692985064,3639.134291
53011,WA,Clark,Clark,1,5088,1.628641523,3124.076065
53011,WA,Clark,Clark,1,4369,2.686636386,1626.196989
53011,WA,Clark,Clark,1,3968,1.292170852,3070.801353
53011,WA,Clark,Clark,1,2370,14.11344261,167.9250106
53011,WA,Clark,Clark,1,3066,0.759219348,4038.358623
53011,WA,Clark,Clark,1,3754,0.996499984,3767.185209
53011,WA,Clark,Clark,1,3578,0.940755324,3803.326868
53011,WA,Clark,Clark,1,3385,1.38109636,2450.951358
53011,WA,Clark,Clark,1,2994,1.498655592,1997.790563
53011,WA,Clark,Clark,1,3799,0.738223111,5146.140701
53011,WA,Clark,Clark,1,5206,1.777815959,2928.312109
53011,WA,Clark,Clark,1,2504,0.784531048,3191.71562
53011,WA,Clark,Clark,1,6626,1.235432365,5363.304531
53011,WA,Clark,Clark,1,5849,1.192208226,4906.022178
53011,WA,Clark,Clark,1,3096,0.297994431,10389.45591
53011,WA,Clark,Clark,1,5249,0.869963876,6033.583857
53011,WA,Clark,Clark,1,6339,1.595247159,3973.678914
53011,WA,Clark,Clark,1,4543,1.508251003,3012.098112
53011,WA,Clark,Clark,1,4649,0.948684704,4900.469017
53011,WA,Clark,Clark,1,5535,1.196527551,4625.885959
53011,WA,Clark,Clark,1,4802,1.134564716,4232.460195
53011,WA,Clark,Clark,1,4746,1.365079298,3476.721102
53011,WA,Clark,Clark,1,4038,1.045911024,3860.749059
53011,WA,Clark,Clark,1,2534,0.703621021,3601.370519
53011,WA,Clark,Clark,1,4080,1.136768973,3589.119773
53011,WA,Clark,Clark,1,4733,1.337261022,3539.323978
53011,WA,Clark,Clark,1,6022,1.256010839,4794.544613
53011,WA,Clark,Clark,1,5941,0.859403982,6912.930503
53011,WA,Clark,Clark,1,2808,1.543704836,1819.000586
53011,WA,Clark,Clark,1,4386,0.843807771,5197.866331
53011,WA,Clark,Clark,1,5458,0.801887499,6806.441061
53011,WA,Clark,Clark,1,5059,1.837219323,2753.617892
53011,WA,Clark,Clark,1,2499,1.344741752,1858.34938
53011,WA,Clark,Clark,1,8381,2.851640625,2939.00989
53011,WA,Clark,Clark,1,5558,2.11797352,2624.206558
53011,WA,Clark,Clark,1,3951,1.232582159,3205.465836
53011,WA,Clark,Clark,1,4436,0.709659273,6250.887111
53011,WA,Clark,Clark,1,2565,0.563077126,4555.326225
53011,WA,Clark,Clark,1,3622,0.610091244,5936.81689
53011,WA,Clark,Clark,1,3270,0.56461111,5791.596979
53011,WA,Clark,Clark,1,5075,3.338669909,1520.066415
53011,WA,Clark,Clark,1,2732,1.390052386,1965.393554
53011,WA,Clark,Clark,1,3603,1.071266739,3363.308005
53011,WA,Clark,Clark,1,3919,0.43758195,8956.036688
53011,WA,Clark,Clark,1,4037,0.579162143,6970.414158
53011,WA,Clark,Clark,1,2056,0.454170444,4526.934826
53011,WA,Clark,Clark,1,1603,0.269558006,5946.771998
53011,WA,Clark,Clark,1,3155,0.508232084,6207.793834
53011,WA,Clark,Clark,1,2858,0.46479559,6148.939583
53011,WA,Clark,Clark,1,1995,0.394294491,5059.669982
53011,WA,Clark,Clark,1,1176,0.361894727,3249.563789
53011,WA,Clark,Clark,1,4653,2.856815939,1628.736362
53011,WA,Clark,Clark,1,4320,0.425485755,10153.10136
53011,WA,Clark,Clark,1,2772,0.947920994,2924.294342
53011,WA,Clark,Clark,1,1545,0.623248061,2478.948746
53011,WA,Clark,Clark,1,1756,0.507932855,3457.149861
53011,WA,Clark,Clark,1,3884,1.162517355,3341.02539
53013,WA,Columbia,Columbia,7,4078,868.6290469,4.694754354
53015,WA,Cowlitz,Cowlitz,1,509,9.235217692,55.11510578
53015,WA,Cowlitz,Cowlitz,1,3612,0.844828239,4275.42527
53015,WA,Cowlitz,Cowlitz,1,2826,0.429092336,6585.995055
53015,WA,Cowlitz,Cowlitz,1,4858,0.567859002,8554.94055
53015,WA,Cowlitz,Cowlitz,1,3867,0.473728836,8162.897649
53015,WA,Cowlitz,Cowlitz,1,3017,0.892742746,3379.472992
53015,WA,Cowlitz,Cowlitz,1,3079,1.150109962,2677.135319
53015,WA,Cowlitz,Cowlitz,1,1601,1.916625482,835.3222968
53015,WA,Cowlitz,Cowlitz,1,7029,2.557994091,2747.85623
53015,WA,Cowlitz,Cowlitz,1,6727,6.181642927,1088.222028
53015,WA,Cowlitz,Cowlitz,1,7008,5.256330917,1333.249392
53015,WA,Cowlitz,Cowlitz,1,1226,0.302834994,4048.409282
53015,WA,Cowlitz,Cowlitz,1,5856,2.527684684,2316.744662
53015,WA,Cowlitz,Cowlitz,1,4386,7.746744773,566.1732933
53015,WA,Cowlitz,Cowlitz,1,3606,3.812942763,945.7262342
53015,WA,Cowlitz,Cowlitz,2,3005,156.592707,19.1899103
53015,WA,Cowlitz,Cowlitz,2,7918,27.79709443,284.8499156
53015,WA,Cowlitz,Cowlitz,2,6330,41.17033747,153.7514723
53015,WA,Cowlitz,Cowlitz,2,5169,151.8220953,34.04642776
53015,WA,Cowlitz,Cowlitz,2,1689,443.936826,3.804595387
53015,WA,Cowlitz,Cowlitz,2,5118,112.8633801,45.34686093
53015,WA,Cowlitz,Cowlitz,2,3609,87.86429281,41.07470606
53015,WA,Cowlitz,Cowlitz,2,6062,72.82666213,83.23874557
53015,WA,Cowlitz,Cowlitz,1,4303,1.355441415,3174.611571
53017,WA,Douglas,Douglas,10,6499,832.2677978,7.808784645
53017,WA,Douglas,Douglas,10,2224,905.5347643,2.45600731
53017,WA,Douglas,Douglas,1,6057,70.94655496,85.37412427
53017,WA,Douglas,Douglas,1,6392,4.12778592,1548.52992
53017,WA,Douglas,Douglas,1,3264,0.907038952,3598.522417
53017,WA,Douglas,Douglas,1,4453,2.293444989,1941.620585
53017,WA,Douglas,Douglas,1,4350,1.018083095,4272.735713
53017,WA,Douglas,Douglas,1,5192,2.168661399,2394.103571
53019,WA,Ferry,Ferry,10,1731,1084.331936,1.596374637
53019,WA,Ferry,Ferry,10,2694,774.0807919,3.480256878
53019,WA,Ferry,Ferry,10,3126,344.7459363,9.067547057
53021,WA,Franklin,Franklin,1,9654,14.88292069,648.663001
53021,WA,Franklin,Franklin,1,6021,0.956213311,6296.71218
53021,WA,Franklin,Franklin,1,5727,1.402028118,4084.796823
53021,WA,Franklin,Franklin,1,9393,1.714389024,5478.919818
53021,WA,Franklin,Franklin,1,4668,3.590916637,1299.946635
53021,WA,Franklin,Franklin,1,8403,4.255581493,1974.583265
53021,WA,Franklin,Franklin,1,7412,206.4449619,35.90303164
53021,WA,Franklin,Franklin,1,3907,1.169182637,3341.650719
53021,WA,Franklin,Franklin,1,6786,2.758212393,2460.289141
53021,WA,Franklin,Franklin,1,6484,3.696126391,1754.269014
53021,WA,Franklin,Franklin,2,1412,543.8234509,2.596430878
53021,WA,Franklin,Franklin,7,8296,454.6984229,18.24505998
53021,WA,Franklin,Franklin,99,0,2.778699361,0
53023,WA,Garfield,Garfield,10,2266,710.6863623,3.188466981
53025,WA,Grant,Grant,10,3638,525.4569786,6.923497353
53025,WA,Grant,Grant,5,2965,424.4862609,6.984913937
53025,WA,Grant,Grant,8,4095,58.53796002,69.95460721
53025,WA,Grant,Grant,7,8040,31.81926827,252.6770864
53025,WA,Grant,Grant,10,2963,276.6196145,10.71146023
53025,WA,Grant,Grant,7,6848,3.253746736,2104.650594
53025,WA,Grant,Grant,10,2755,329.5862826,8.35896439
53025,WA,Grant,Grant,4,4709,14.53220671,324.0388809
53025,WA,Grant,Grant,4,1306,4.341310848,300.8307965
53025,WA,Grant,Grant,4,9912,6.63674851,1493.502426
53025,WA,Grant,Grant,4,11087,36.80474504,301.2383318
53025,WA,Grant,Grant,4,7029,3.248462541,2163.792844
53025,WA,Grant,Grant,5,4965,219.5834351,22.61099521
53025,WA,Grant,Grant,5,3938,109.9864544,35.80440903
53025,WA,Grant,Grant,10,1845,103.5285901,17.82116417
53025,WA,Grant,Grant,7,13025,531.0911877,24.52497858
53027,WA,Grays,Grays Harbor,7,7599,122.6849939,61.93911544
53027,WA,Grays,Grays Harbor,5,3334,558.2922678,5.97178251
53027,WA,Grays,Grays Harbor,7,6773,251.022343,26.98166195
53027,WA,Grays,Grays Harbor,7,6803,52.03930906,130.7281
53027,WA,Grays,Grays Harbor,2,3667,38.33257915,95.66275168
53027,WA,Grays,Grays Harbor,2,4538,378.732132,11.98208342
53027,WA,Grays,Grays Harbor,4,4055,32.36697429,125.2820225
53027,WA,Grays,Grays Harbor,4,6252,9.069528121,689.3412663
53027,WA,Grays,Grays Harbor,4,3600,2.433418224,1479.400443
53027,WA,Grays,Grays Harbor,4,4284,2.250002703,1903.997713
53027,WA,Grays,Grays Harbor,4,4448,1.385232287,3211.013808
53027,WA,Grays,Grays Harbor,4,3563,15.97926593,222.9764506
53027,WA,Grays,Grays Harbor,4,2096,11.20829749,187.0043155
53027,WA,Grays,Grays Harbor,4,3906,10.21640718,382.3261868
53027,WA,Grays,Grays Harbor,10,6661,113.7854747,58.53998517
53027,WA,Grays,Grays Harbor,10,1218,302.2282829,4.030066241
53027,WA,Grays,Grays Harbor,10,0,0,
53029,WA,Island,Island,4,2604,10.23638488,254.3866835
53029,WA,Island,Island,4,1633,6.968566264,234.3380171
53029,WA,Island,Island,4,4989,18.08943787,275.7962982
53029,WA,Island,Island,4,6131,5.481140839,1118.562755
53029,WA,Island,Island,4,5494,8.926101974,615.4982338
53029,WA,Island,Island,4,3186,0.628385923,5070.132674
53029,WA,Island,Island,4,3291,0.763605468,4309.817224
53029,WA,Island,Island,4,1922,0.800469346,2401.091322
53029,WA,Island,Island,4,2706,0.604976548,4472.900658
53029,WA,Island,Island,4,4801,4.543087844,1056.770233
53029,WA,Island,Island,4,4776,13.49934401,353.7949693
53029,WA,Island,Island,5,3289,17.51293365,187.8040576
53029,WA,Island,Island,3,4393,21.58154092,203.5535839
53029,WA,Island,Island,2,4400,11.23895207,391.4955747
53029,WA,Island,Island,2,3394,10.66828418,318.1392568
53029,WA,Island,Island,2,3817,8.025721741,475.5958558
53029,WA,Island,Island,2,4050,9.828842836,412.052575
53029,WA,Island,Island,10,2452,8.437015152,290.6241077
53029,WA,Island,Island,3,3750,19.89552886,188.4845599
53029,WA,Island,Island,10,3938,18.43418116,213.6248942
53029,WA,Island,Island,2,3490,12.28421058,284.1045402
53029,WA,Island,Island,10,0,0,
53031,WA,Jefferson,Jefferson,10,1816,97.08748071,18.70478034
53031,WA,Jefferson,Jefferson,10,6148,80.36118739,76.50459382
53031,WA,Jefferson,Jefferson,8,3944,13.52392752,291.6312582
53031,WA,Jefferson,Jefferson,10,6514,62.0621945,104.9592276
53031,WA,Jefferson,Jefferson,7,6299,3.877821056,1624.365826
53031,WA,Jefferson,Jefferson,7,3020,4.333759848,696.8544881
53031,WA,Jefferson,Jefferson,10,2131,1542.453792,1.381564887
53031,WA,Jefferson,Jefferson,99,0,0,
53033,WA,King,King,1,6255,0.737681024,8479.274641
53033,WA,King,King,1,7646,1.268854914,6025.905656
53033,WA,King,King,1,2603,0.46738286,5569.309917
53033,WA,King,King,1,5551,0.494943992,11215.41041
53033,WA,King,King,1,4841,0.694573102,6969.748734
53033,WA,King,King,1,3165,1.113097821,2843.415861
53033,WA,King,King,1,7626,1.460910244,5220.033218
53033,WA,King,King,1,4438,0.499876833,8878.186992
53033,WA,King,King,1,2583,0.440769224,5860.209519
53033,WA,King,King,1,2019,0.384734601,5247.773385
53033,WA,King,King,1,1941,0.368517924,5267.043678
53033,WA,King,King,1,2503,0.409429696,6113.38167
53033,WA,King,King,1,6494,0.708131466,9170.613522
53033,WA,King,King,1,4340,0.457140728,9493.794216
53033,WA,King,King,1,4848,0.825215406,5874.829726
53033,WA,King,King,1,2454,0.451927576,5430.073595
53033,WA,King,King,1,4131,0.788042647,5242.102079
53033,WA,King,King,1,3818,0.344700825,11076.27173
53033,WA,King,King,1,4234,0.494296499,8565.709066
53033,WA,King,King,1,4535,0.364084312,12455.90608
53033,WA,King,King,1,4157,0.642184829,6473.214275
53033,WA,King,King,1,3406,0.425983441,7995.615964
53033,WA,King,King,1,3807,0.527209779,7221.0345
53033,WA,King,King,1,5286,1.068716535,4946.119789
53033,WA,King,King,1,2972,0.377647696,7869.76866
53033,WA,King,King,1,2802,0.380053112,7372.653742
53033,WA,King,King,1,4660,0.469753914,9920.08765
53033,WA,King,King,1,5289,0.615359994,8594.968883
53033,WA,King,King,1,4481,0.37968786,11801.79952
53033,WA,King,King,1,4177,0.380776668,10969.68474
53033,WA,King,King,1,5637,0.576546687,9777.178726
53033,WA,King,King,1,6219,0.862112102,7213.679036
53033,WA,King,King,1,7683,0.955619872,8039.807698
53033,WA,King,King,1,6224,0.500530504,12434.80656
53033,WA,King,King,1,3302,0.303919169,10864.73095
53033,WA,King,King,1,3936,0.496049016,7934.699736
53033,WA,King,King,1,5672,0.461956967,12278.19994
53033,WA,King,King,1,2058,0.241161735,8533.692126
53033,WA,King,King,1,2772,0.375989001,7372.556098
53033,WA,King,King,1,2690,1.006562193,2672.462785
53033,WA,King,King,1,7789,1.261613181,6173.841647
53033,WA,King,King,1,7618,0.951359234,8007.490469
53033,WA,King,King,1,3531,0.37813264,9337.993145
53033,WA,King,King,1,3518,0.127689395,27551.23093
53033,WA,King,King,1,6260,0.382205632,16378.61789
53033,WA,King,King,1,2676,0.259074559,10329.07286
53033,WA,King,King,1,3251,0.599368414,5424.042915
53033,WA,King,King,1,6739,0.753252139,8946.539485
53033,WA,King,King,1,4539,0.509100814,8915.719386
53033,WA,King,King,1,6139,0.419238622,14643.21195
53033,WA,King,King,1,3600,0.292426065,12310.80409
53033,WA,King,King,1,3662,0.340430535,10756.96692
53033,WA,King,King,1,6076,0.372480876,16312.24684
53033,WA,King,King,1,7085,0.209840741,33763.70089
53033,WA,King,King,1,5706,0.969721481,5884.163762
53033,WA,King,King,1,4948,0.463042686,10685.83988
53033,WA,King,King,1,6382,1.171020097,5449.949163
53033,WA,King,King,1,6001,1.971953152,3043.175744
53033,WA,King,King,1,4743,0.68713716,6902.552027
53033,WA,King,King,1,5059,1.193666534,4238.202089
53033,WA,King,King,1,6836,0.697361532,9802.662872
53033,WA,King,King,1,5150,0.520941796,9885.941272
53033,WA,King,King,1,4796,0.479319209,10005.85812
53033,WA,King,King,1,3848,1.054398708,3649.473365
53033,WA,King,King,1,4962,0.890380959,5572.895454
53033,WA,King,King,1,3207,0.348900844,9191.723242
53033,WA,King,King,1,4157,0.443098964,9381.651361
53033,WA,King,King,1,3540,0.430116279,8230.332533
53033,WA,King,King,1,6544,0.493523522,13259.75299
53033,WA,King,King,1,2834,0.277262288,10221.36842
53033,WA,King,King,1,4080,0.348607407,11703.71002
53033,WA,King,King,1,6959,0.311183681,22362.99787
53033,WA,King,King,1,3055,0.332856755,9178.122295
53033,WA,King,King,1,5318,0.3900659,13633.59371
53033,WA,King,King,1,4668,0.357548761,13055.56196
53033,WA,King,King,1,4115,0.100149499,41088.57309
53033,WA,King,King,1,4921,0.096248322,51128.16388
53033,WA,King,King,1,6282,0.309555102,20293.64063
53033,WA,King,King,1,3498,0.22080334,15842.15169
53033,WA,King,King,1,4476,0.408621584,10953.90007
53033,WA,King,King,1,5145,0.816441621,6301.736548
53033,WA,King,King,1,5147,0.269683875,19085.30868
53033,WA,King,King,1,5588,0.190642968,29311.33549
53033,WA,King,King,1,3013,0.088440564,34068.07755
53033,WA,King,King,1,4070,0.31961345,12734.13244
53033,WA,King,King,1,3280,0.141585598,23166.19801
53033,WA,King,King,1,2505,0.091678417,27323.77021
53033,WA,King,King,1,3760,0.147728484,25452.09906
53033,WA,King,King,1,4341,0.183093899,23709.14616
53033,WA,King,King,1,5055,0.274657643,18404.73085
53033,WA,King,King,1,3843,0.2827766,13590.23343
53033,WA,King,King,1,3503,0.366248801,9564.536427
53033,WA,King,King,1,4829,0.494336653,9768.646464
53033,WA,King,King,1,2925,0.316885638,9230.459347
53033,WA,King,King,1,2508,0.161713491,15508.91018
53033,WA,King,King,1,2825,0.127479741,22160.38386
53033,WA,King,King,1,2354,3.640581346,646.6000279
53033,WA,King,King,1,5700,0.665283777,8567.772421
53033,WA,King,King,1,5906,1.002336304,5892.233949
53033,WA,King,King,1,5252,0.747752499,7023.714405
53033,WA,King,King,1,5290,0.717371663,7374.141284
53033,WA,King,King,1,5173,0.856786209,6037.678881
53033,WA,King,King,1,6198,0.745423917,8314.731871
53033,WA,King,King,1,4787,2.535252287,1888.175005
53033,WA,King,King,1,3769,0.870210596,4331.135497
53033,WA,King,King,1,4313,0.366124476,11780.14659
53033,WA,King,King,1,6553,0.968959702,6762.923152
53033,WA,King,King,1,4835,1.073782967,4502.772112
53033,WA,King,King,1,5940,0.641024206,9266.420751
53033,WA,King,King,1,4432,0.624274707,7099.438676
53033,WA,King,King,1,4669,0.694556886,6722.271558
53033,WA,King,King,1,6342,0.663296123,9561.340367
53033,WA,King,King,1,7310,1.001663328,7297.861262
53033,WA,King,King,1,3385,0.560926151,6034.662484
53033,WA,King,King,1,3679,0.302980554,12142.69347
53033,WA,King,King,1,4596,1.580583771,2907.786404
53033,WA,King,King,1,1287,1.849333665,695.9263352
53033,WA,King,King,1,4534,0.413427398,10966.85904
53033,WA,King,King,1,4479,0.647147786,6921.139339
53033,WA,King,King,1,4390,0.444158042,9883.86921
53033,WA,King,King,1,4419,0.500956375,8821.127387
53033,WA,King,King,1,3906,1.068007265,3657.278493
53033,WA,King,King,1,5984,1.219138853,4908.382654
53033,WA,King,King,1,4027,0.476123055,8457.8975
53033,WA,King,King,1,4174,0.457988608,9113.763799
53033,WA,King,King,1,4191,0.593969161,7055.921879
53033,WA,King,King,1,6413,1.200739926,5340.873457
53033,WA,King,King,1,5538,1.353709361,4090.981536
53033,WA,King,King,1,7383,0.888467437,8309.814961
53033,WA,King,King,1,7108,1.22613155,5797.094123
53033,WA,King,King,1,3349,0.558887145,5992.265214
53033,WA,King,King,1,2681,0.664595743,4034.031254
53033,WA,King,King,1,3156,0.684404715,4611.306628
53033,WA,King,King,1,5566,1.000789193,5561.610817
53033,WA,King,King,1,6434,0.990754397,6494.041326
53033,WA,King,King,1,3426,0.893133868,3835.931122
53033,WA,King,King,1,5368,1.075685293,4990.307143
53033,WA,King,King,1,6327,1.050987109,6020.05481
53033,WA,King,King,1,3661,0.762447162,4801.644209
53033,WA,King,King,1,3569,0.660695339,5401.884634
53033,WA,King,King,1,4309,1.220146194,3531.544025
53033,WA,King,King,1,3240,1.84381279,1757.228292
53033,WA,King,King,1,5594,1.011151403,5532.307015
53033,WA,King,King,1,4125,1.011478818,4078.187232
53033,WA,King,King,1,3759,0.699552662,5373.433916
53033,WA,King,King,1,3690,1.217780546,3030.102602
53033,WA,King,King,1,4294,1.345837124,3190.57925
53033,WA,King,King,1,4513,1.102595842,4093.068219
53033,WA,King,King,1,7681,2.187652221,3511.069962
53033,WA,King,King,1,5401,1.893492557,2852.400967
53033,WA,King,King,1,4348,1.266544092,3432.963785
53033,WA,King,King,1,4374,1.184471511,3692.786158
53033,WA,King,King,1,5695,1.209986301,4706.664856
53033,WA,King,King,1,5043,1.31450416,3836.42757
53033,WA,King,King,1,4950,1.036051132,4777.75647
53033,WA,King,King,1,3911,1.473397946,2654.408478
53033,WA,King,King,1,4738,1.69677736,2792.352204
53033,WA,King,King,1,5031,0.895176734,5620.119253
53033,WA,King,King,1,4725,0.93441514,5056.638957
53033,WA,King,King,1,3686,0.543982057,6775.958788
53033,WA,King,King,1,4734,1.414213888,3347.442731
53033,WA,King,King,1,5871,1.793917964,3272.724906
53033,WA,King,King,1,4268,0.884319155,4826.31183
53033,WA,King,King,1,7073,1.009226298,7008.338979
53033,WA,King,King,1,4865,1.237655541,3930.819067
53033,WA,King,King,1,2681,2.000082626,1340.444622
53033,WA,King,King,1,7935,1.793390549,4424.580026
53033,WA,King,King,1,7143,1.457366212,4901.307539
53033,WA,King,King,1,5324,1.118468503,4760.080403
53033,WA,King,King,1,4233,1.140982506,3709.960474
53033,WA,King,King,1,5410,1.825228534,2964.012396
53033,WA,King,King,1,5430,1.064663234,5100.204296
53033,WA,King,King,1,2546,0.640471307,3975.197595
53033,WA,King,King,1,3729,0.946080445,3941.525289
53033,WA,King,King,1,2373,1.624607913,1460.660127
53033,WA,King,King,1,8314,1.878490557,4425.893955
53033,WA,King,King,1,4791,1.026054175,4669.344093
53033,WA,King,King,1,4987,1.842745603,2706.28783
53033,WA,King,King,1,2924,0.572999952,5102.967268
53033,WA,King,King,1,6299,1.323248988,4760.253027
53033,WA,King,King,1,5190,1.268793523,4090.500073
53033,WA,King,King,1,3792,0.977537348,3879.135676
53033,WA,King,King,1,6223,0.613820991,10138.13489
53033,WA,King,King,1,4345,0.567825797,7651.994721
53033,WA,King,King,1,6217,1.385981711,4485.629175
53033,WA,King,King,1,3546,1.444100513,2455.507749
53033,WA,King,King,1,3888,1.277569626,3043.278363
53033,WA,King,King,1,3321,0.692552243,4795.306103
53033,WA,King,King,1,3667,0.877661209,4178.149793
53033,WA,King,King,1,3812,1.777060743,2145.115194
53033,WA,King,King,1,5963,0.78308857,7614.719747
53033,WA,King,King,1,5838,1.135223793,5142.598348
53033,WA,King,King,1,3971,2.907595711,1365.733202
53033,WA,King,King,1,2536,1.437629055,1764.015545
53033,WA,King,King,1,3501,0.217747341,16078.26753
53033,WA,King,King,1,3646,0.471412995,7734.194939
53033,WA,King,King,1,6924,1.795322218,3856.689307
53033,WA,King,King,1,7612,1.803015304,4221.816634
53033,WA,King,King,1,4379,1.711547312,2558.503624
53033,WA,King,King,1,2953,1.431177673,2063.335709
53033,WA,King,King,1,7255,1.572128906,4614.761534
53033,WA,King,King,1,2885,0.628447699,4590.676365
53033,WA,King,King,1,4595,1.461642679,3143.723199
53033,WA,King,King,1,4302,1.550936143,2773.808592
53033,WA,King,King,1,3662,1.107507834,3306.522886
53033,WA,King,King,1,3598,1.05761378,3401.998032
53033,WA,King,King,1,7058,2.468311822,2859.444231
53033,WA,King,King,1,5668,1.457806754,3888.032473
53033,WA,King,King,1,5017,1.229252414,4081.342404
53033,WA,King,King,1,3795,0.783781238,4841.912281
53033,WA,King,King,1,6864,1.916455211,3581.612531
53033,WA,King,King,1,4635,1.363410564,3399.562921
53033,WA,King,King,1,6817,2.452689356,2779.398045
53033,WA,King,King,1,4645,2.967128033,1565.486878
53033,WA,King,King,1,5088,8.646224616,588.4649343
53033,WA,King,King,1,5797,1.133407954,5114.663242
53033,WA,King,King,1,7456,2.406254006,3098.592244
53033,WA,King,King,1,7929,1.754545581,4519.118846
53033,WA,King,King,1,5004,1.475531161,3391.321128
53033,WA,King,King,1,4366,1.533862705,2846.408603
53033,WA,King,King,1,6925,0.888362417,7795.241972
53033,WA,King,King,1,4841,0.588651376,8223.882925
53033,WA,King,King,1,4941,1.117419463,4421.795184
53033,WA,King,King,1,5474,2.009638655,2723.872766
53033,WA,King,King,1,5545,1.459738037,3798.62678
53033,WA,King,King,1,3495,1.101508192,3172.922384
53033,WA,King,King,1,4676,0.518721322,9014.474245
53033,WA,King,King,1,3714,0.910562906,4078.795628
53033,WA,King,King,1,4551,0.923655631,4927.160998
53033,WA,King,King,1,4954,1.133039226,4372.311112
53033,WA,King,King,1,5274,1.060980591,4970.873212
53033,WA,King,King,1,7911,1.068464024,7404.086449
53033,WA,King,King,1,6712,1.661393026,4039.983253
53033,WA,King,King,1,4998,5.884620315,849.3326218
53033,WA,King,King,1,1626,1.864034505,872.3014491
53033,WA,King,King,1,5745,1.845572644,3112.854983
53033,WA,King,King,1,3459,0.769811289,4493.309011
53033,WA,King,King,1,2306,0.448031806,5146.956023
53033,WA,King,King,1,5472,1.191063047,4594.215237
53033,WA,King,King,1,5385,0.594022829,9065.308155
53033,WA,King,King,1,4906,0.785998622,6241.74122
53033,WA,King,King,1,3489,0.763913192,4567.272875
53033,WA,King,King,1,3431,0.60520126,5669.188465
53033,WA,King,King,1,2558,1.282621387,1994.353148
53033,WA,King,King,1,6327,1.37149593,4613.21092
53033,WA,King,King,1,5421,1.283967725,4222.068744
53033,WA,King,King,1,4718,0.860822907,5480.802102
53033,WA,King,King,1,4648,1.099010497,4229.258966
53033,WA,King,King,2,5679,17.04709674,333.1359049
53033,WA,King,King,2,4945,19.87730252,248.7762107
53033,WA,King,King,1,3290,0.995088394,3306.238942
53033,WA,King,King,1,6514,1.29654732,5024.112811
53033,WA,King,King,1,3366,0.808629615,4162.597976
53033,WA,King,King,1,2477,0.628488626,3941.200997
53033,WA,King,King,1,4718,1.037582414,4547.108681
53033,WA,King,King,1,4580,3.168523947,1445.468009
53033,WA,King,King,1,5097,3.214022227,1585.863333
53033,WA,King,King,1,4986,0.805615702,6189.055141
53033,WA,King,King,1,3847,1.35515068,2838.798708
53033,WA,King,King,1,6214,2.495429709,2490.152289
53033,WA,King,King,1,5055,1.032948801,4893.756587
53033,WA,King,King,1,3095,2.009120892,1540.474748
53033,WA,King,King,1,6128,0.932673047,6570.362485
53033,WA,King,King,1,3368,0.882477062,3816.529796
53033,WA,King,King,1,6495,0.796210639,8157.389117
53033,WA,King,King,1,4230,1.017522089,4157.15791
53033,WA,King,King,1,5466,0.994123525,5498.310686
53033,WA,King,King,1,3751,0.704780099,5322.227463
53033,WA,King,King,1,2990,1.294252329,2310.214117
53033,WA,King,King,1,4329,0.997228172,4341.032594
53033,WA,King,King,1,3537,0.776112862,4557.326868
53033,WA,King,King,1,6666,1.634859312,4077.415072
53033,WA,King,King,1,4602,0.721519559,6378.205471
53033,WA,King,King,1,3853,6.645774034,579.7669286
53033,WA,King,King,1,7517,1.39320993,5395.453936
53033,WA,King,King,1,4836,1.595484226,3031.054724
53033,WA,King,King,1,3914,1.118630279,3498.921916
53033,WA,King,King,1,3283,0.916164476,3583.417699
53033,WA,King,King,1,3883,1.470572837,2640.467649
53033,WA,King,King,1,5535,0.929495426,5954.843718
53033,WA,King,King,1,5861,0.96184075,6093.524319
53033,WA,King,King,1,5004,1.010341361,4952.7815
53033,WA,King,King,1,4885,0.525297028,9299.500541
53033,WA,King,King,1,4376,0.47806708,9153.527161
53033,WA,King,King,1,6780,1.66400964,4074.495626
53033,WA,King,King,1,7896,0.912047855,8657.440458
53033,WA,King,King,1,5292,0.727184836,7277.379471
53033,WA,King,King,1,7153,1.525337955,4689.452574
53033,WA,King,King,1,5462,2.571212299,2124.289777
53033,WA,King,King,1,7056,4.265381925,1654.248113
53033,WA,King,King,1,7914,3.050752359,2594.114195
53033,WA,King,King,1,8969,2.647264003,3388.026276
53033,WA,King,King,1,4823,1.528383915,3155.620752
53033,WA,King,King,1,4427,2.428915501,1822.624129
53033,WA,King,King,1,5877,1.829160598,3212.949156
53033,WA,King,King,1,8055,0.786934534,10235.92135
53033,WA,King,King,1,5530,0.839472229,6587.472233
53033,WA,King,King,1,3736,0.766243705,4875.73337
53033,WA,King,King,1,7323,2.259311626,3241.252741
53033,WA,King,King,1,5327,1.088390757,4894.38188
53033,WA,King,King,1,6484,1.263331336,5132.461941
53033,WA,King,King,1,2987,2.835843641,1053.302078
53033,WA,King,King,1,4906,1.46067086,3358.730658
53033,WA,King,King,1,5681,1.453660017,3908.06649
53033,WA,King,King,1,6266,0.831688795,7534.068072
53033,WA,King,King,1,5730,0.847272651,6762.876142
53033,WA,King,King,1,5551,1.237647047,4485.123617
53033,WA,King,King,1,5034,0.733769037,6860.469368
53033,WA,King,King,1,4736,0.716312585,6611.638686
53033,WA,King,King,1,3612,1.545292488,2337.421575
53033,WA,King,King,1,3795,0.966768572,3925.448251
53033,WA,King,King,1,8134,4.686878858,1735.483303
53033,WA,King,King,1,4270,1.487769828,2870.067615
53033,WA,King,King,1,4208,2.312703765,1819.51535
53033,WA,King,King,1,1686,4.330355971,389.3444353
53033,WA,King,King,1,4181,1.257957566,3323.641523
53033,WA,King,King,1,4484,0.588508132,7619.265997
53033,WA,King,King,1,5331,1.29703072,4110.157083
53033,WA,King,King,1,3796,0.603695461,6287.938612
53033,WA,King,King,1,6575,2.693359197,2441.189429
53033,WA,King,King,1,3683,0.530069637,6948.143678
53033,WA,King,King,1,3606,1.205219098,2991.987106
53033,WA,King,King,1,5605,1.515910112,3697.448783
53033,WA,King,King,1,3347,4.863125621,688.2404982
53033,WA,King,King,1,6718,2.82779843,2375.699742
53033,WA,King,King,2,6401,25.73941462,248.6847543
53033,WA,King,King,1,6038,14.23631191,424.1267008
53033,WA,King,King,1,6673,2.259956031,2952.712314
53033,WA,King,King,1,4877,1.416594208,3442.764323
53033,WA,King,King,2,2487,12.78722064,194.4910525
53033,WA,King,King,1,4371,4.200412125,1040.612176
53033,WA,King,King,1,5780,2.462465849,2347.240674
53033,WA,King,King,2,3616,62.33330849,58.0107183
53033,WA,King,King,1,3876,396.3099821,9.780222994
53033,WA,King,King,1,5134,5.664042073,906.4198207
53033,WA,King,King,1,5728,21.62329285,264.8995248
53033,WA,King,King,1,4797,1.604175386,2990.321408
53033,WA,King,King,1,3589,5.942451085,603.959536
53033,WA,King,King,1,6649,2.756467598,2412.145169
53033,WA,King,King,1,5539,2.218202941,2497.066385
53033,WA,King,King,1,3744,1.9496044,1920.389593
53033,WA,King,King,1,6310,1.609993946,3919.269396
53033,WA,King,King,1,4777,9.591890773,498.0248538
53033,WA,King,King,1,6411,4.531609413,1414.729165
53033,WA,King,King,1,3329,7.313780604,455.1681518
53033,WA,King,King,1,3594,4.178433259,860.1310054
53033,WA,King,King,1,7399,2.138039636,3460.646789
53033,WA,King,King,1,4266,0.70544574,6047.240434
53033,WA,King,King,1,3037,0.739794933,4105.191673
53033,WA,King,King,2,2906,10.64524353,272.9857698
53033,WA,King,King,1,4754,47.1676695,100.7893765
53033,WA,King,King,1,6457,2.431727869,2655.313566
53033,WA,King,King,1,4275,2.938591607,1454.778537
53033,WA,King,King,1,3457,4.437297393,779.0778246
53033,WA,King,King,1,4090,0.88517553,4620.552492
53033,WA,King,King,1,5175,1.861344145,2780.248893
53033,WA,King,King,1,4117,1.298750419,3169.970104
53033,WA,King,King,1,4546,30.51758,148.9633188
53033,WA,King,King,1,4280,1.56428524,2736.073889
53033,WA,King,King,1,6033,8.68019929,695.0301252
53033,WA,King,King,1,6638,3.88928636,1706.739845
53033,WA,King,King,1,3254,1.765611655,1842.987381
53033,WA,King,King,1,7936,4.254139788,1865.477017
53033,WA,King,King,1,10572,16.13958675,655.0353591
53033,WA,King,King,1,4803,1.148898373,4180.526417
53033,WA,King,King,1,7787,1.301988272,5980.852646
53033,WA,King,King,1,4376,1.597441764,2739.379988
53033,WA,King,King,1,6264,2.580499987,2427.436556
53033,WA,King,King,1,4629,6.180957595,748.9130816
53033,WA,King,King,1,6368,4.50454172,1413.68432
53033,WA,King,King,1,5212,2.379914502,2189.994639
53033,WA,King,King,1,5837,9.066543552,643.7955067
53033,WA,King,King,1,5576,5.055231916,1103.015666
53033,WA,King,King,1,5256,17.18032053,305.9314285
53033,WA,King,King,1,5495,2.403553993,2286.197862
53033,WA,King,King,1,6038,1.69652176,3559.046599
53033,WA,King,King,1,5646,2.839495009,1988.38173
53033,WA,King,King,1,4703,2.631105627,1787.461496
53033,WA,King,King,1,4205,3.689157247,1139.826719
53033,WA,King,King,1,4959,4.892285215,1013.636733
53033,WA,King,King,1,3344,1.785742637,1872.61027
53033,WA,King,King,1,5483,1.270987356,4313.968958
53033,WA,King,King,1,5053,0.790892081,6388.987978
53033,WA,King,King,1,5791,0.854419403,6777.701889
53033,WA,King,King,1,3762,4.038790141,931.4670653
53033,WA,King,King,1,3834,6.227002596,615.7055406
53033,WA,King,King,1,3245,3.283568109,988.2542076
53033,WA,King,King,1,6599,3.73333583,1767.588104
53033,WA,King,King,1,5859,21.60224294,271.2218363
53033,WA,King,King,1,6010,9.704812918,619.2803561
53033,WA,King,King,1,5237,82.59387341,63.40664003
53033,WA,King,King,1,2785,23.67646916,117.6273363
53033,WA,King,King,2,11041,11.6530316,947.4787662
53033,WA,King,King,2,6545,197.277253,33.17665823
53033,WA,King,King,2,2020,3.98434124,506.9846879
53033,WA,King,King,2,6014,6.625829154,907.6599864
53033,WA,King,King,2,2851,536.7965956,5.311136515
53033,WA,King,King,99,0,0,
53035,WA,Kitsap,Kitsap,1,2417,0.858058416,2816.824538
53035,WA,Kitsap,Kitsap,1,4615,0.90898259,5077.104943
53035,WA,Kitsap,Kitsap,1,3511,0.960724142,3654.534996
53035,WA,Kitsap,Kitsap,1,3149,0.643059736,4896.90121
53035,WA,Kitsap,Kitsap,1,3361,1.094354105,3071.217976
53035,WA,Kitsap,Kitsap,1,2900,0.411973723,7039.283904
53035,WA,Kitsap,Kitsap,1,4921,0.90272619,5451.265349
53035,WA,Kitsap,Kitsap,1,3236,1.468435761,2203.705525
53035,WA,Kitsap,Kitsap,1,1921,0.422886901,4542.585721
53035,WA,Kitsap,Kitsap,1,4430,5.289290916,837.5413776
53035,WA,Kitsap,Kitsap,1,3652,1.212223763,3012.645116
53035,WA,Kitsap,Kitsap,1,2897,0.577612715,5015.471311
53035,WA,Kitsap,Kitsap,1,3017,0.337907743,8928.472522
53035,WA,Kitsap,Kitsap,1,3513,0.654153996,5370.2951
53035,WA,Kitsap,Kitsap,2,5611,17.8102775,315.0428173
53035,WA,Kitsap,Kitsap,2,5781,19.20977819,300.9404868
53035,WA,Kitsap,Kitsap,1,4573,6.38499522,716.2104031
53035,WA,Kitsap,Kitsap,1,5079,20.15633084,251.9803847
53035,WA,Kitsap,Kitsap,1,6054,11.10667771,545.077489
53035,WA,Kitsap,Kitsap,1,4574,8.850135213,516.8282619
53035,WA,Kitsap,Kitsap,1,3955,2.233536603,1770.734357
53035,WA,Kitsap,Kitsap,1,4559,2.716602548,1678.199118
53035,WA,Kitsap,Kitsap,1,5183,6.395413029,810.4245928
53035,WA,Kitsap,Kitsap,1,4169,7.213198285,577.9683069
53035,WA,Kitsap,Kitsap,1,7032,2.951542633,2382.482951
53035,WA,Kitsap,Kitsap,1,6641,11.05094116,600.9442908
53035,WA,Kitsap,Kitsap,1,4866,7.664667944,634.8611623
53035,WA,Kitsap,Kitsap,1,3886,2.227120357,1744.854061
53035,WA,Kitsap,Kitsap,1,7182,2.36760402,3033.446446
53035,WA,Kitsap,Kitsap,1,3135,1.372809449,2283.638127
53035,WA,Kitsap,Kitsap,2,4327,13.5261646,319.8985173
53035,WA,Kitsap,Kitsap,1,5609,13.2196933,424.2912354
53035,WA,Kitsap,Kitsap,1,3093,3.17054442,975.5422384
53035,WA,Kitsap,Kitsap,1,3968,1.964565087,2019.785461
53035,WA,Kitsap,Kitsap,1,6356,1.977754337,3213.745955
53035,WA,Kitsap,Kitsap,1,7944,2.852434451,2784.989501
53035,WA,Kitsap,Kitsap,1,2944,2.551899854,1153.650287
53035,WA,Kitsap,Kitsap,1,4160,1.526948387,2724.38809
53035,WA,Kitsap,Kitsap,2,5683,73.28603492,77.5454697
53035,WA,Kitsap,Kitsap,1,6565,26.87475927,244.2812579
53035,WA,Kitsap,Kitsap,1,6804,2.1424412,3175.816446
53035,WA,Kitsap,Kitsap,1,6123,2.874897104,2129.815357
53035,WA,Kitsap,Kitsap,1,6029,2.357629842,2557.229253
53035,WA,Kitsap,Kitsap,1,5609,4.692475409,1195.317932
53035,WA,Kitsap,Kitsap,1,6035,4.638577476,1301.045424
53035,WA,Kitsap,Kitsap,1,4639,9.455185507,490.6302469
53035,WA,Kitsap,Kitsap,1,3215,6.932666097,463.7465522
53035,WA,Kitsap,Kitsap,1,4311,4.544508314,948.6174745
53035,WA,Kitsap,Kitsap,1,4395,10.25559192,428.5466929
53035,WA,Kitsap,Kitsap,1,2788,6.987177933,399.0166025
53035,WA,Kitsap,Kitsap,2,5645,27.35590512,206.3539837
53035,WA,Kitsap,Kitsap,1,5422,10.5931263,511.8413438
53035,WA,Kitsap,Kitsap,2,3500,4.826940511,725.0969827
53035,WA,Kitsap,Kitsap,1,6149,10.87932801,565.20035
53035,WA,Kitsap,Kitsap,10,0,0,
53037,WA,Kittitas,Kittitas,7,6339,681.6392003,9.299641214
53037,WA,Kittitas,Kittitas,5,5238,594.9740794,8.803744871
53037,WA,Kittitas,Kittitas,5,4359,593.0746891,7.349833132
53037,WA,Kittitas,Kittitas,4,7501,2.45940599,3049.92345
53037,WA,Kittitas,Kittitas,4,4855,5.475219962,886.7223661
53037,WA,Kittitas,Kittitas,4,5753,6.237262489,922.3597708
53037,WA,Kittitas,Kittitas,4,2615,3.133455831,834.5418418
53037,WA,Kittitas,Kittitas,5,4255,410.2775368,10.37102843
53039,WA,Klickitat,Klickitat,7,8325,1277.29282,6.517691065
53039,WA,Klickitat,Klickitat,5,4224,349.960433,12.06993592
53039,WA,Klickitat,Klickitat,4,7769,244.0601385,31.83231825
53041,WA,Lewis,Lewis,5,3379,173.8356212,19.43790332
53041,WA,Lewis,Lewis,4,3248,13.1709394,246.6035186
53041,WA,Lewis,Lewis,4,4973,5.798817601,857.5886228
53041,WA,Lewis,Lewis,4,5703,13.82326289,412.5654013
53041,WA,Lewis,Lewis,4,2099,0.906865592,2314.565708
53041,WA,Lewis,Lewis,4,2005,0.451219079,4443.51778
53041,WA,Lewis,Lewis,4,4184,4.957546521,843.9658573
53041,WA,Lewis,Lewis,4,4109,14.58741315,281.6811973
53041,WA,Lewis,Lewis,4,1799,0.720959325,2495.286402
53041,WA,Lewis,Lewis,4,2949,3.730353577,790.5416844
53041,WA,Lewis,Lewis,5,3819,135.9668879,28.08772091
53041,WA,Lewis,Lewis,5,3303,55.08694673,59.95975809
53041,WA,Lewis,Lewis,6,5571,41.19737698,135.2270559
53041,WA,Lewis,Lewis,5,2608,21.15774861,123.2645329
53041,WA,Lewis,Lewis,5,7092,272.9805632,25.97987167
53041,WA,Lewis,Lewis,6,3945,70.48235474,55.97145575
53041,WA,Lewis,Lewis,10,4652,257.7890871,18.04576002
53041,WA,Lewis,Lewis,6,4175,432.0959823,9.662205091
53041,WA,Lewis,Lewis,10,2931,208.3616121,14.06689059
53041,WA,Lewis,Lewis,10,2911,675.7008731,4.308119341
53043,WA,Lincoln,Lincoln,10,1743,1.908228146,913.4127926
53043,WA,Lincoln,Lincoln,2,3115,544.3817539,5.722087446
53043,WA,Lincoln,Lincoln,10,2714,737.6437404,3.679282899
53043,WA,Lincoln,Lincoln,10,2998,1026.560363,2.92043226
53045,WA,Mason,Mason,10,730,8.206872773,88.94983755
53045,WA,Mason,Mason,5,724,356.5629057,2.030497252
53045,WA,Mason,Mason,3,5743,227.2617418,25.27042148
53045,WA,Mason,Mason,2,6144,88.16376562,69.68849341
53045,WA,Mason,Mason,2,8817,46.25262048,190.6270371
53045,WA,Mason,Mason,6,4888,48.22320335,101.361993
53045,WA,Mason,Mason,4,5429,19.38022493,280.1309077
53045,WA,Mason,Mason,4,1754,0.747550954,2346.328355
53045,WA,Mason,Mason,4,4014,5.236566347,766.5328259
53045,WA,Mason,Mason,4,4794,2.186011287,2193.035338
53045,WA,Mason,Mason,2,4852,22.63382417,214.3694306
53045,WA,Mason,Mason,3,5791,40.85291824,141.7524194
53045,WA,Mason,Mason,3,3743,25.23856018,148.3048151
53045,WA,Mason,Mason,2,3276,68.47031646,47.84555073
53047,WA,Okanogan,Okanogan,10,2825,356.5344812,7.923497302
53047,WA,Okanogan,Okanogan,10,3129,674.9349592,4.636002266
53047,WA,Okanogan,Okanogan,10,7308,1270.299526,5.752973885
53047,WA,Okanogan,Okanogan,10,3717,226.0755892,16.44140358
53047,WA,Okanogan,Okanogan,10,2321,398.8613136,5.819065226
53047,WA,Okanogan,Okanogan,7,6714,15.55779139,431.5522578
53047,WA,Okanogan,Okanogan,7,4286,33.79241757,126.8331865
53047,WA,Okanogan,Okanogan,10,4930,208.8355811,23.60708829
53047,WA,Okanogan,Okanogan,10,2220,1475.628879,1.504443313
53047,WA,Okanogan,Okanogan,10,3670,607.4572307,6.041577604
53049,WA,Pacific,Pacific,7,4267,155.1914762,27.49506677
53049,WA,Pacific,Pacific,7,3625,145.4621508,24.92057199
53049,WA,Pacific,Pacific,10,3921,579.8773083,6.761775196
53049,WA,Pacific,Pacific,10,2475,24.32855172,101.7323197
53049,WA,Pacific,Pacific,10,1263,1.272905125,992.2184889
53049,WA,Pacific,Pacific,7,2995,10.24823513,292.2454416
53049,WA,Pacific,Pacific,7,2374,16.27714993,145.8486289
53049,WA,Pacific,Pacific,10,0,0,
53051,WA,Pend,Pend Oreille,10,2099,672.2086643,3.122542317
53051,WA,Pend,Pend Oreille,10,2649,466.7469042,5.675452748
53051,WA,Pend,Pend Oreille,7,3300,35.7594375,92.28333081
53051,WA,Pend,Pend Oreille,2,2682,160.9885528,16.65956959
53051,WA,Pend,Pend Oreille,2,2271,64.28568163,35.32668461
53053,WA,Pierce,Pierce,1,1928,6.057218026,318.2979367
53053,WA,Pierce,Pierce,1,4106,2.132095207,1925.805183
53053,WA,Pierce,Pierce,1,3896,0.979847011,3976.130923
53053,WA,Pierce,Pierce,1,3923,0.817313825,4799.869864
53053,WA,Pierce,Pierce,1,5262,0.822477556,6397.742969
53053,WA,Pierce,Pierce,1,6523,0.813081759,8022.563444
53053,WA,Pierce,Pierce,1,4940,0.997327787,4953.236103
53053,WA,Pierce,Pierce,1,3043,0.893065914,3407.363279
53053,WA,Pierce,Pierce,1,5015,0.747605008,6708.087754
53053,WA,Pierce,Pierce,1,6359,1.17391625,5416.911131
53053,WA,Pierce,Pierce,1,2045,0.609121355,3357.294869
53053,WA,Pierce,Pierce,1,3791,1.108380811,3420.304612
53053,WA,Pierce,Pierce,1,4187,1.162255192,3602.479068
53053,WA,Pierce,Pierce,1,6200,1.681028638,3688.217952
53053,WA,Pierce,Pierce,1,4968,0.729931953,6806.113881
53053,WA,Pierce,Pierce,1,4808,0.607973087,7908.244792
53053,WA,Pierce,Pierce,1,4442,0.357858801,12412.71694
53053,WA,Pierce,Pierce,1,4742,0.45231947,10483.74061
53053,WA,Pierce,Pierce,1,1824,0.294014104,6203.78403
53053,WA,Pierce,Pierce,1,956,0.408215791,2341.898626
53053,WA,Pierce,Pierce,1,4578,1.019096227,4492.215629
53053,WA,Pierce,Pierce,1,2880,0.534063092,5392.621288
53053,WA,Pierce,Pierce,1,1961,0.40149491,4884.246224
53053,WA,Pierce,Pierce,1,4228,0.797431108,5302.025415
53053,WA,Pierce,Pierce,1,5244,0.948263853,5530.106398
53053,WA,Pierce,Pierce,1,5471,0.875127221,6251.662468
53053,WA,Pierce,Pierce,1,7073,1.120080479,6314.724818
53053,WA,Pierce,Pierce,1,2977,2.68253405,1109.771561
53053,WA,Pierce,Pierce,1,6130,1.456833777,4207.755269
53053,WA,Pierce,Pierce,1,4112,1.158752473,3548.643991
53053,WA,Pierce,Pierce,1,7365,1.151338539,6396.902171
53053,WA,Pierce,Pierce,1,2956,0.851321705,3472.247897
53053,WA,Pierce,Pierce,1,4270,0.903950134,4723.711894
53053,WA,Pierce,Pierce,1,4855,0.91161349,5325.721978
53053,WA,Pierce,Pierce,1,7857,1.302358544,6032.900876
53053,WA,Pierce,Pierce,1,7592,1.490492234,5093.619294
53053,WA,Pierce,Pierce,1,4164,0.739443967,5631.258335
53053,WA,Pierce,Pierce,1,5179,0.744215031,6959.01021
53053,WA,Pierce,Pierce,2,3406,732.5729467,4.64936634
53053,WA,Pierce,Pierce,1,5203,13.75256912,378.3293109
53053,WA,Pierce,Pierce,1,3598,1.998823933,1800.058495
53053,WA,Pierce,Pierce,1,3458,7.412590715,466.5035658
53053,WA,Pierce,Pierce,1,4172,15.05236086,277.1658239
53053,WA,Pierce,Pierce,1,4948,12.65967989,390.8471654
53053,WA,Pierce,Pierce,1,4876,10.91355829,446.7837044
53053,WA,Pierce,Pierce,1,3782,1.242765217,3043.213591
53053,WA,Pierce,Pierce,1,5601,4.465993279,1254.144297
53053,WA,Pierce,Pierce,1,5178,2.171130137,2384.933042
53053,WA,Pierce,Pierce,1,4624,1.924776099,2402.357345
53053,WA,Pierce,Pierce,1,4869,3.207243431,1518.126112
53053,WA,Pierce,Pierce,1,6029,5.33617067,1129.836426
53053,WA,Pierce,Pierce,1,2880,1.583549808,1818.698715
53053,WA,Pierce,Pierce,1,4597,3.778670789,1216.565363
53053,WA,Pierce,Pierce,1,5207,1.342578035,3878.359294
53053,WA,Pierce,Pierce,1,2046,3.626726456,564.1451113
53053,WA,Pierce,Pierce,1,3693,5.389752771,685.1891278
53053,WA,Pierce,Pierce,1,4465,1.942850314,2298.169842
53053,WA,Pierce,Pierce,1,6065,2.21849329,2733.837432
53053,WA,Pierce,Pierce,1,2362,2.514515897,939.345821
53053,WA,Pierce,Pierce,1,4668,3.020009359,1545.690574
53053,WA,Pierce,Pierce,1,6589,3.044223757,2164.426969
53053,WA,Pierce,Pierce,1,5671,1.873580881,3026.824225
53053,WA,Pierce,Pierce,1,7128,1.423050609,5008.957486
53053,WA,Pierce,Pierce,1,4205,0.897566321,4684.890579
53053,WA,Pierce,Pierce,1,4515,3.332850191,1354.696353
53053,WA,Pierce,Pierce,1,5895,2.06427636,2855.722284
53053,WA,Pierce,Pierce,1,3705,3.843182285,964.0448267
53053,WA,Pierce,Pierce,1,6166,4.724680964,1305.061664
53053,WA,Pierce,Pierce,1,4629,2.008706218,2304.468398
53053,WA,Pierce,Pierce,1,4335,1.596008167,2716.151515
53053,WA,Pierce,Pierce,1,4571,2.508899655,1821.914237
53053,WA,Pierce,Pierce,1,3994,1.979087934,2018.101334
53053,WA,Pierce,Pierce,1,6126,6.33969308,966.2928352
53053,WA,Pierce,Pierce,1,6632,3.259071857,2034.935188
53053,WA,Pierce,Pierce,1,4005,1.128905617,3547.683652
53053,WA,Pierce,Pierce,1,4409,0.820804575,5371.558753
53053,WA,Pierce,Pierce,1,5724,2.264012806,2528.25425
53053,WA,Pierce,Pierce,1,4725,1.304822262,3621.182853
53053,WA,Pierce,Pierce,1,5115,2.173735168,2353.092537
53053,WA,Pierce,Pierce,1,5539,1.023762272,5410.435753
53053,WA,Pierce,Pierce,1,5202,1.736014993,2996.517899
53053,WA,Pierce,Pierce,1,5314,1.518186957,3500.227674
53053,WA,Pierce,Pierce,1,4920,1.556921499,3160.082254
53053,WA,Pierce,Pierce,1,7355,1.81216245,4058.686902
53053,WA,Pierce,Pierce,1,3670,0.336243257,10914.71703
53053,WA,Pierce,Pierce,1,4360,0.522249138,8348.505884
53053,WA,Pierce,Pierce,1,3768,0.922669912,4083.800665
53053,WA,Pierce,Pierce,1,1909,0.626571243,3046.740529
53053,WA,Pierce,Pierce,1,2853,0.490084124,5821.449544
53053,WA,Pierce,Pierce,1,5254,1.77679356,2957.012068
53053,WA,Pierce,Pierce,1,3625,0.520924807,6958.777829
53053,WA,Pierce,Pierce,1,4213,0.658843593,6394.537405
53053,WA,Pierce,Pierce,1,3480,1.599632508,2175.499674
53053,WA,Pierce,Pierce,1,3920,0.754950988,5192.390051
53053,WA,Pierce,Pierce,1,4713,1.605214001,2936.057122
53053,WA,Pierce,Pierce,1,5183,2.43804064,2125.887451
53053,WA,Pierce,Pierce,1,4779,1.037145732,4607.838467
53053,WA,Pierce,Pierce,1,5230,1.803293297,2900.249232
53053,WA,Pierce,Pierce,1,5921,1.313765546,4506.892433
53053,WA,Pierce,Pierce,1,4197,1.886760479,2224.447696
53053,WA,Pierce,Pierce,1,5648,1.239493002,4556.701807
53053,WA,Pierce,Pierce,1,3468,1.568037767,2211.681423
53053,WA,Pierce,Pierce,1,2514,0.751962943,3343.249853
53053,WA,Pierce,Pierce,1,4369,0.929712802,4699.300678
53053,WA,Pierce,Pierce,1,5903,1.570113452,3759.600933
53053,WA,Pierce,Pierce,1,4357,0.754346352,5775.861429
53053,WA,Pierce,Pierce,1,6886,2.995561755,2298.734115
53053,WA,Pierce,Pierce,1,5892,1.305875162,4511.916736
53053,WA,Pierce,Pierce,1,3803,0.810421129,4692.621974
53053,WA,Pierce,Pierce,1,4231,0.943518271,4484.27988
53053,WA,Pierce,Pierce,1,5612,0.953812141,5883.758193
53053,WA,Pierce,Pierce,1,3797,0.987890291,3843.5442
53053,WA,Pierce,Pierce,1,4107,4.726471706,868.9357
53053,WA,Pierce,Pierce,1,5831,6.478143142,900.1036057
53053,WA,Pierce,Pierce,1,4790,2.131539606,2247.20197
53053,WA,Pierce,Pierce,1,5919,5.90986715,1001.545356
53053,WA,Pierce,Pierce,1,2510,2.259744833,1110.744879
53053,WA,Pierce,Pierce,1,3633,5.218055837,696.2363213
53053,WA,Pierce,Pierce,1,4186,6.375153476,656.6116433
53053,WA,Pierce,Pierce,1,4638,5.807197562,798.664063
53053,WA,Pierce,Pierce,1,6904,8.363282378,825.5132002
53053,WA,Pierce,Pierce,1,3438,5.911515806,581.5767246
53053,WA,Pierce,Pierce,1,2643,1.632752739,1618.738672
53053,WA,Pierce,Pierce,1,5235,17.20168163,304.330711
53053,WA,Pierce,Pierce,1,3898,16.69912563,233.4253952
53053,WA,Pierce,Pierce,2,6462,35.08792473,184.1659217
53053,WA,Pierce,Pierce,1,8267,6.868220625,1203.659645
53053,WA,Pierce,Pierce,1,2507,7.041128762,356.050867
53053,WA,Pierce,Pierce,1,2716,10.41460733,260.7875568
53053,WA,Pierce,Pierce,1,5214,2.24624477,2321.207408
53053,WA,Pierce,Pierce,1,1392,88.12700754,15.79538485
53053,WA,Pierce,Pierce,1,4679,6.251180314,748.4986458
53053,WA,Pierce,Pierce,2,6082,24.84939197,244.7544796
53053,WA,Pierce,Pierce,2,5431,20.78362989,261.3114278
53053,WA,Pierce,Pierce,2,3828,45.95373067,83.30118021
53053,WA,Pierce,Pierce,1,7451,3.823229683,1948.875851
53053,WA,Pierce,Pierce,1,3864,2.186326732,1767.347919
53053,WA,Pierce,Pierce,1,4346,1.437386196,3023.543715
53053,WA,Pierce,Pierce,1,6364,7.140729223,891.2255039
53053,WA,Pierce,Pierce,1,5610,2.665403855,2104.746712
53053,WA,Pierce,Pierce,1,4449,2.645074803,1681.994019
53053,WA,Pierce,Pierce,1,3352,6.210920668,539.6945443
53053,WA,Pierce,Pierce,2,3791,19.08575522,198.6298135
53053,WA,Pierce,Pierce,1,4601,11.94091903,385.3137257
53053,WA,Pierce,Pierce,2,3154,37.04070598,85.14956496
53053,WA,Pierce,Pierce,1,3412,1.275470774,2675.090695
53053,WA,Pierce,Pierce,1,4708,1.099894671,4280.409864
53053,WA,Pierce,Pierce,1,4392,1.942951473,2260.478484
53053,WA,Pierce,Pierce,1,4549,3.694310167,1231.353025
53053,WA,Pierce,Pierce,1,2793,1.51259697,1846.493188
53053,WA,Pierce,Pierce,1,9584,2.416054823,3966.797403
53053,WA,Pierce,Pierce,1,3616,0.541938804,6672.340071
53053,WA,Pierce,Pierce,2,6220,211.5260349,29.40536376
53053,WA,Pierce,Pierce,1,5467,5.616588957,973.3665828
53053,WA,Pierce,Pierce,1,4033,1.146676741,3517.120261
53053,WA,Pierce,Pierce,1,6099,2.459782053,2479.487966
53053,WA,Pierce,Pierce,1,3649,1.146774039,3181.969486
53053,WA,Pierce,Pierce,1,4775,1.682897372,2837.368504
53053,WA,Pierce,Pierce,1,3608,0.904499944,3988.944417
53053,WA,Pierce,Pierce,1,4124,1.059434638,3892.642218
53053,WA,Pierce,Pierce,1,7030,6.31788989,1112.713283
53053,WA,Pierce,Pierce,1,2760,1.174436716,2350.062769
53053,WA,Pierce,Pierce,1,3945,5.159820432,764.5614905
53053,WA,Pierce,Pierce,1,6790,1.57721503,4305.056617
53053,WA,Pierce,Pierce,1,6504,6.917978384,940.1590521
53053,WA,Pierce,Pierce,1,5839,1.646138129,3547.089942
53053,WA,Pierce,Pierce,1,2447,0.704757319,3472.117185
53053,WA,Pierce,Pierce,1,3150,0.963734967,3268.533474
53053,WA,Pierce,Pierce,1,5902,1.179171873,5005.207584
53053,WA,Pierce,Pierce,1,2845,3.047049639,933.6900731
53053,WA,Pierce,Pierce,1,3985,3.433016292,1160.786801
53053,WA,Pierce,Pierce,1,4106,1.447342227,2836.924069
53055,WA,San,San Juan,10,5354,64.62756546,82.84390666
53055,WA,San,San Juan,10,4761,55.37121948,85.98329682
53055,WA,San,San Juan,10,2901,5.831557521,497.4657267
53055,WA,San,San Juan,10,2753,48.08438842,57.25350972
53055,WA,San,San Juan,10,0,0,
53057,WA,Skagit,Skagit,4,2181,1.25587995,1736.630957
53057,WA,Skagit,Skagit,4,4880,18.89994124,258.201861
53057,WA,Skagit,Skagit,4,6839,4.53977586,1506.462039
53057,WA,Skagit,Skagit,4,2467,0.552244644,4467.223048
53057,WA,Skagit,Skagit,4,1530,1.008351004,1517.328781
53057,WA,Skagit,Skagit,4,1562,0.559810702,2790.228902
53057,WA,Skagit,Skagit,2,3010,11.90661849,252.800575
53057,WA,Skagit,Skagit,5,873,22.7909554,38.30466887
53057,WA,Skagit,Skagit,2,6015,73.46903036,81.8712316
53057,WA,Skagit,Skagit,2,4071,62.50898383,65.12663862
53057,WA,Skagit,Skagit,2,2821,142.351829,19.81709697
53057,WA,Skagit,Skagit,10,4715,903.68308,5.217537104
53057,WA,Skagit,Skagit,1,2989,293.2249126,10.19354042
53057,WA,Skagit,Skagit,1,1853,23.70144302,78.18089382
53057,WA,Skagit,Skagit,1,4029,3.798274741,1060.744753
53057,WA,Skagit,Skagit,1,9326,8.948253814,1042.214514
53057,WA,Skagit,Skagit,1,4352,12.97824083,335.3305011
53057,WA,Skagit,Skagit,1,3689,1.216842704,3031.616157
53057,WA,Skagit,Skagit,1,4418,3.945447238,1119.771659
53057,WA,Skagit,Skagit,1,3519,22.54058667,156.1183855
53057,WA,Skagit,Skagit,2,3310,32.79630137,100.9260149
53057,WA,Skagit,Skagit,1,4144,2.729647782,1518.144585
53057,WA,Skagit,Skagit,1,4562,0.99819227,4570.261801
53057,WA,Skagit,Skagit,1,8722,5.285827965,1650.07262
53057,WA,Skagit,Skagit,1,2831,0.699581234,4046.706607
53057,WA,Skagit,Skagit,1,7408,4.537058859,1632.77582
53057,WA,Skagit,Skagit,1,3290,0.696294732,4725.010616
53057,WA,Skagit,Skagit,1,3821,6.567016527,581.8471728
53057,WA,Skagit,Skagit,2,3674,63.01255952,58.30583662
53057,WA,Skagit,Skagit,4,0,0,
53059,WA,Skamania,Skamania,10,98,1376.180753,0.071211576
53059,WA,Skamania,Skamania,2,4264,128.8636573,33.08923625
53059,WA,Skamania,Skamania,2,2010,30.09115332,66.79704094
53059,WA,Skamania,Skamania,10,2234,84.75978113,26.35684012
53059,WA,Skamania,Skamania,2,2460,35.78161057,68.7503989
53061,WA,Snohomish,Snohomish,1,5382,1.852590051,2905.121939
53061,WA,Snohomish,Snohomish,1,5925,0.988374077,5994.693847
53061,WA,Snohomish,Snohomish,1,2937,0.405122726,7249.655002
53061,WA,Snohomish,Snohomish,1,3867,0.657591078,5880.55424
53061,WA,Snohomish,Snohomish,1,2402,0.699650732,3433.141552
53061,WA,Snohomish,Snohomish,1,4726,1.082072195,4367.54592
53061,WA,Snohomish,Snohomish,1,2418,0.555867826,4349.954945
53061,WA,Snohomish,Snohomish,1,2810,1.278217891,2198.373234
53061,WA,Snohomish,Snohomish,1,5380,1.18612094,4535.793797
53061,WA,Snohomish,Snohomish,1,4570,1.050037684,4352.224755
53061,WA,Snohomish,Snohomish,1,3439,0.573678334,5994.648566
53061,WA,Snohomish,Snohomish,1,5791,1.019876154,5678.140408
53061,WA,Snohomish,Snohomish,1,5117,1.821764811,2808.81482
53061,WA,Snohomish,Snohomish,1,4502,1.46745622,3067.89391
53061,WA,Snohomish,Snohomish,1,2870,3.935869201,729.1908988
53061,WA,Snohomish,Snohomish,1,5534,1.27072249,4355.002799
53061,WA,Snohomish,Snohomish,1,1396,2.105452226,663.0404541
53061,WA,Snohomish,Snohomish,1,5498,1.807186365,3042.298296
53061,WA,Snohomish,Snohomish,1,5826,0.950662706,6128.356529
53061,WA,Snohomish,Snohomish,1,5287,0.975267067,5421.079189
53061,WA,Snohomish,Snohomish,1,3657,1.125741895,3248.524387
53061,WA,Snohomish,Snohomish,1,6264,1.455277399,4304.334008
53061,WA,Snohomish,Snohomish,1,4359,1.123838412,3878.671484
53061,WA,Snohomish,Snohomish,1,5039,1.428368008,3527.80234
53061,WA,Snohomish,Snohomish,1,5024,1.561767468,3216.868134
53061,WA,Snohomish,Snohomish,1,5573,1.28597314,4333.683052
53061,WA,Snohomish,Snohomish,1,7971,1.11724147,7134.536459
53061,WA,Snohomish,Snohomish,1,4114,0.653543182,6294.916863
53061,WA,Snohomish,Snohomish,1,5007,0.416703861,12015.72739
53061,WA,Snohomish,Snohomish,1,5035,0.344917428,14597.69669
53061,WA,Snohomish,Snohomish,1,6403,1.263759137,5066.630034
53061,WA,Snohomish,Snohomish,1,5550,0.72179292,7689.185984
53061,WA,Snohomish,Snohomish,1,4073,3.415916599,1192.359322
53061,WA,Snohomish,Snohomish,1,6981,1.316972125,5300.795566
53061,WA,Snohomish,Snohomish,1,5600,0.552087886,10143.31258
53061,WA,Snohomish,Snohomish,1,5174,0.859851088,6017.320989
53061,WA,Snohomish,Snohomish,1,5921,1.898330417,3119.056592
53061,WA,Snohomish,Snohomish,1,3336,1.065312658,3131.475042
53061,WA,Snohomish,Snohomish,1,4166,0.91993322,4528.589587
53061,WA,Snohomish,Snohomish,1,5177,2.474704902,2091.9666
53061,WA,Snohomish,Snohomish,1,4544,1.031407481,4405.63025
53061,WA,Snohomish,Snohomish,1,2686,0.989089525,2715.628801
53061,WA,Snohomish,Snohomish,1,5361,0.69728354,7688.407507
53061,WA,Snohomish,Snohomish,1,4154,1.749277217,2374.69508
53061,WA,Snohomish,Snohomish,1,5327,1.439512461,3700.558449
53061,WA,Snohomish,Snohomish,1,7052,1.287820252,5475.919475
53061,WA,Snohomish,Snohomish,1,5352,1.099486947,4867.724908
53061,WA,Snohomish,Snohomish,1,6594,1.312106465,5025.506828
53061,WA,Snohomish,Snohomish,1,1271,1.23352309,1030.38201
53061,WA,Snohomish,Snohomish,1,5863,1.194966154,4906.415114
53061,WA,Snohomish,Snohomish,1,6090,1.233200694,4938.368935
53061,WA,Snohomish,Snohomish,1,3233,0.576903445,5604.057364
53061,WA,Snohomish,Snohomish,1,4382,1.291468146,3393.037617
53061,WA,Snohomish,Snohomish,1,3748,0.794090166,4719.86704
53061,WA,Snohomish,Snohomish,1,4208,0.81088561,5189.387932
53061,WA,Snohomish,Snohomish,1,7157,1.134282089,6309.717898
53061,WA,Snohomish,Snohomish,1,7491,1.543691322,4852.654085
53061,WA,Snohomish,Snohomish,1,5601,1.268359545,4415.940278
53061,WA,Snohomish,Snohomish,1,4767,0.945927549,5039.498011
53061,WA,Snohomish,Snohomish,1,4129,0.792063515,5212.965779
53061,WA,Snohomish,Snohomish,1,5597,0.961968936,5818.275198
53061,WA,Snohomish,Snohomish,1,4707,0.836717004,5625.557957
53061,WA,Snohomish,Snohomish,1,5176,1.931906248,2679.219038
53061,WA,Snohomish,Snohomish,1,5636,0.616976218,9134.873985
53061,WA,Snohomish,Snohomish,1,3748,0.909431241,4121.257147
53061,WA,Snohomish,Snohomish,1,8009,2.040133777,3925.722956
53061,WA,Snohomish,Snohomish,1,2286,5.194695883,440.0642601
53061,WA,Snohomish,Snohomish,1,4202,1.52935419,2747.56497
53061,WA,Snohomish,Snohomish,1,4052,1.33636874,3032.097264
53061,WA,Snohomish,Snohomish,1,6863,1.600023243,4289.312689
53061,WA,Snohomish,Snohomish,1,3677,1.07648298,3415.75303
53061,WA,Snohomish,Snohomish,1,4045,1.140949302,3545.293375
53061,WA,Snohomish,Snohomish,1,4973,1.737322335,2862.450968
53061,WA,Snohomish,Snohomish,1,3882,0.947181609,4098.474849
53061,WA,Snohomish,Snohomish,1,4687,1.471082878,3186.088338
53061,WA,Snohomish,Snohomish,1,4745,1.435913603,3304.516366
53061,WA,Snohomish,Snohomish,1,5974,1.025502821,5825.434975
53061,WA,Snohomish,Snohomish,1,6295,3.103720944,2028.210691
53061,WA,Snohomish,Snohomish,1,4611,3.276366531,1407.351698
53061,WA,Snohomish,Snohomish,1,4714,1.779901683,2648.460893
53061,WA,Snohomish,Snohomish,1,4783,0.88881879,5381.299377
53061,WA,Snohomish,Snohomish,1,7273,2.260549856,3217.358813
53061,WA,Snohomish,Snohomish,1,5746,1.278706697,4493.602806
53061,WA,Snohomish,Snohomish,1,5491,1.385442326,3963.355165
53061,WA,Snohomish,Snohomish,1,4248,0.746404617,5691.283127
53061,WA,Snohomish,Snohomish,1,4663,0.847281532,5503.483582
53061,WA,Snohomish,Snohomish,2,3359,16.7858438,200.1090944
53061,WA,Snohomish,Snohomish,2,1895,19.92163593,95.12271013
53061,WA,Snohomish,Snohomish,1,3975,4.81269836,825.9399827
53061,WA,Snohomish,Snohomish,1,5814,9.034697072,643.5190858
53061,WA,Snohomish,Snohomish,1,2607,5.700608265,457.319619
53061,WA,Snohomish,Snohomish,1,3006,8.572863272,350.6413091
53061,WA,Snohomish,Snohomish,1,4988,2.51408771,1984.019881
53061,WA,Snohomish,Snohomish,1,6726,1.180069946,5699.662144
53061,WA,Snohomish,Snohomish,1,6843,4.338203884,1577.380912
53061,WA,Snohomish,Snohomish,1,5213,6.267876917,831.7010798
53061,WA,Snohomish,Snohomish,1,5345,3.781882001,1413.317496
53061,WA,Snohomish,Snohomish,2,4250,19.90165707,213.5500569
53061,WA,Snohomish,Snohomish,1,5469,25.85155221,211.554028
53061,WA,Snohomish,Snohomish,1,4096,0.802501788,5104.038475
53061,WA,Snohomish,Snohomish,1,5029,3.277321362,1534.484857
53061,WA,Snohomish,Snohomish,2,4682,15.16192121,308.7999162
53061,WA,Snohomish,Snohomish,2,3677,13.20891911,278.3725124
53061,WA,Snohomish,Snohomish,2,4066,1.494015802,2721.524092
53061,WA,Snohomish,Snohomish,2,3939,0.937154535,4203.148843
53061,WA,Snohomish,Snohomish,2,4334,5.446081217,795.8015731
53061,WA,Snohomish,Snohomish,2,6788,1.928836736,3519.219576
53061,WA,Snohomish,Snohomish,2,2503,3.043887848,822.3036212
53061,WA,Snohomish,Snohomish,2,2434,2.912818901,835.6166596
53061,WA,Snohomish,Snohomish,2,4240,1.407593008,3012.234343
53061,WA,Snohomish,Snohomish,2,5842,1.824994942,3201.104762
53061,WA,Snohomish,Snohomish,2,5125,5.042263516,1016.4086
53061,WA,Snohomish,Snohomish,2,5851,3.921328593,1492.096329
53061,WA,Snohomish,Snohomish,2,1518,7.896267859,192.2427186
53061,WA,Snohomish,Snohomish,2,7206,5.999590732,1201.081928
53061,WA,Snohomish,Snohomish,2,5311,1.924567604,2759.580899
53061,WA,Snohomish,Snohomish,2,3554,2.041241504,1741.097265
53061,WA,Snohomish,Snohomish,2,5344,1.220612219,4378.13084
53061,WA,Snohomish,Snohomish,2,3337,7.776680432,429.1033982
53061,WA,Snohomish,Snohomish,2,5103,5.466825329,933.4485177
53061,WA,Snohomish,Snohomish,2,6971,2.698793199,2583.006361
53061,WA,Snohomish,Snohomish,2,4332,1.732903396,2499.850835
53061,WA,Snohomish,Snohomish,2,7049,1.223111072,5763.172421
53061,WA,Snohomish,Snohomish,2,4079,1.152740862,3538.522954
53061,WA,Snohomish,Snohomish,2,5442,1.354938324,4016.418979
53061,WA,Snohomish,Snohomish,2,4239,0.802178234,5284.361779
53061,WA,Snohomish,Snohomish,2,4445,0.933969192,4759.257626
53061,WA,Snohomish,Snohomish,2,3715,10.58240849,351.0542996
53061,WA,Snohomish,Snohomish,2,4634,9.453580094,490.1846659
53061,WA,Snohomish,Snohomish,2,3918,18.0262534,217.3496573
53061,WA,Snohomish,Snohomish,2,4167,8.568205721,486.3328608
53061,WA,Snohomish,Snohomish,2,6273,9.521339095,658.8358988
53061,WA,Snohomish,Snohomish,2,5555,34.37729827,161.5891963
53061,WA,Snohomish,Snohomish,2,5528,50.11187117,110.3131827
53061,WA,Snohomish,Snohomish,2,6383,4.618108655,1382.167566
53061,WA,Snohomish,Snohomish,2,4988,19.30475199,258.3819778
53061,WA,Snohomish,Snohomish,2,5320,99.60225337,53.41244621
53061,WA,Snohomish,Snohomish,2,4726,1.841773784,2566.004599
53061,WA,Snohomish,Snohomish,2,3409,5.788618712,588.9142419
53061,WA,Snohomish,Snohomish,2,3909,3.256167982,1200.49089
53061,WA,Snohomish,Snohomish,2,5640,206.0208916,27.37586444
53061,WA,Snohomish,Snohomish,2,3848,15.8462213,242.8339178
53061,WA,Snohomish,Snohomish,2,4120,6.183400464,666.3000438
53061,WA,Snohomish,Snohomish,2,3065,651.2855318,4.706077212
53061,WA,Snohomish,Snohomish,2,3639,439.1295643,8.28684811
53061,WA,Snohomish,Snohomish,2,5394,8.690080417,620.7077197
53061,WA,Snohomish,Snohomish,2,5253,104.7579047,50.14418737
53061,WA,Snohomish,Snohomish,2,6462,19.47899566,331.7419499
53061,WA,Snohomish,Snohomish,2,4169,15.06036013,276.8194097
53061,WA,Snohomish,Snohomish,10,0,0,
53061,WA,Snohomish,Snohomish,10,0,0,
53063,WA,Spokane,Spokane,1,4654,0.726372864,6407.177682
53063,WA,Spokane,Spokane,1,5408,0.760906228,7107.314673
53063,WA,Spokane,Spokane,1,4110,0.741811931,5540.487861
53063,WA,Spokane,Spokane,1,3403,0.673818952,5050.318026
53063,WA,Spokane,Spokane,1,3014,0.501907345,6005.092437
53063,WA,Spokane,Spokane,1,4978,0.832008874,5983.109261
53063,WA,Spokane,Spokane,1,4776,1.378829941,3463.80642
53063,WA,Spokane,Spokane,1,6066,1.657031616,3660.762983
53063,WA,Spokane,Spokane,1,5522,1.475234634,3743.133378
53063,WA,Spokane,Spokane,1,3278,0.888269366,3690.322017
53063,WA,Spokane,Spokane,1,2216,0.38628789,5736.654077
53063,WA,Spokane,Spokane,1,3443,0.60905842,5652.988096
53063,WA,Spokane,Spokane,1,6244,1.01060198,6178.495714
53063,WA,Spokane,Spokane,1,5587,0.88421568,6318.594126
53063,WA,Spokane,Spokane,1,3738,0.812455116,4600.869547
53063,WA,Spokane,Spokane,1,2762,0.618220625,4467.660716
53063,WA,Spokane,Spokane,1,3527,0.650288341,5423.747862
53063,WA,Spokane,Spokane,1,4205,0.688125968,6110.799759
53063,WA,Spokane,Spokane,1,2474,0.472267825,5238.552931
53063,WA,Spokane,Spokane,1,5073,0.972709526,5215.328795
53063,WA,Spokane,Spokane,1,2484,0.808072856,3073.98025
53063,WA,Spokane,Spokane,1,8679,1.214666246,7145.17262
53063,WA,Spokane,Spokane,1,5236,0.770883108,6792.210055
53063,WA,Spokane,Spokane,1,3387,0.619958857,5463.265767
53063,WA,Spokane,Spokane,1,2759,0.551119542,5006.173417
53063,WA,Spokane,Spokane,1,4954,0.874542276,5664.677554
53063,WA,Spokane,Spokane,1,2566,0.479469789,5351.744904
53063,WA,Spokane,Spokane,1,2604,0.62878438,4141.324246
53063,WA,Spokane,Spokane,1,3906,1.700720621,2296.673511
53063,WA,Spokane,Spokane,1,1746,1.280237592,1363.809352
53063,WA,Spokane,Spokane,1,2043,3.476999507,587.5755794
53063,WA,Spokane,Spokane,1,4953,0.599207023,8265.924475
53063,WA,Spokane,Spokane,1,2098,0.429825544,4881.050071
53063,WA,Spokane,Spokane,1,4739,1.023701654,4629.278443
53063,WA,Spokane,Spokane,1,3328,0.890101807,3738.898149
53063,WA,Spokane,Spokane,1,4318,0.786965808,5486.896577
53063,WA,Spokane,Spokane,1,3564,1.002052905,3556.698435
53063,WA,Spokane,Spokane,1,3471,0.953436464,3640.515264
53063,WA,Spokane,Spokane,1,3132,0.63453267,4935.916068
53063,WA,Spokane,Spokane,1,6572,1.246314269,5273.148327
53063,WA,Spokane,Spokane,1,3326,1.038981262,3201.21269
53063,WA,Spokane,Spokane,1,5550,1.534353827,3617.157856
53063,WA,Spokane,Spokane,1,3534,4.117166566,858.3573055
53063,WA,Spokane,Spokane,2,6128,152.4405418,40.19927985
53063,WA,Spokane,Spokane,2,4046,80.47199678,50.2783597
53063,WA,Spokane,Spokane,1,6983,71.070076,98.25513624
53063,WA,Spokane,Spokane,2,4266,8.365838761,509.9309372
53063,WA,Spokane,Spokane,2,3022,41.32582545,73.12618604
53063,WA,Spokane,Spokane,2,5805,71.79382993,80.85653051
53063,WA,Spokane,Spokane,1,5979,24.70678165,241.9983341
53063,WA,Spokane,Spokane,1,6246,10.88067088,574.0454859
53063,WA,Spokane,Spokane,2,6937,171.8127752,40.37534457
53063,WA,Spokane,Spokane,1,7905,3.591893862,2200.788861
53063,WA,Spokane,Spokane,1,6701,28.64518755,233.9310919
53063,WA,Spokane,Spokane,1,3546,3.618239544,980.0346154
53063,WA,Spokane,Spokane,1,3490,2.890724976,1207.309595
53063,WA,Spokane,Spokane,1,7418,3.175192704,2336.236157
53063,WA,Spokane,Spokane,1,5923,4.696354964,1261.190869
53063,WA,Spokane,Spokane,1,2207,0.478597584,4611.389762
53063,WA,Spokane,Spokane,1,4939,1.89484932,2606.539712
53063,WA,Spokane,Spokane,1,3583,0.758809693,4721.869042
53063,WA,Spokane,Spokane,1,5744,0.73732581,7790.314569
53063,WA,Spokane,Spokane,1,3768,0.921571065,4088.670036
53063,WA,Spokane,Spokane,1,7211,5.778345691,1247.935029
53063,WA,Spokane,Spokane,1,4030,12.81791074,314.4038121
53063,WA,Spokane,Spokane,1,7115,7.18872906,989.7437977
53063,WA,Spokane,Spokane,1,5473,9.113842999,600.5150627
53063,WA,Spokane,Spokane,1,1456,0.415281075,3506.059122
53063,WA,Spokane,Spokane,1,1786,0.701354215,2546.502127
53063,WA,Spokane,Spokane,1,2316,1.026514795,2256.177906
53063,WA,Spokane,Spokane,1,5690,2.779436816,2047.177316
53063,WA,Spokane,Spokane,1,5018,1.100591586,4559.366131
53063,WA,Spokane,Spokane,1,4352,1.189468059,3658.778364
53063,WA,Spokane,Spokane,1,3973,1.224503743,3244.579711
53063,WA,Spokane,Spokane,1,2610,0.979335812,2665.07154
53063,WA,Spokane,Spokane,1,2369,3.966539227,597.2460788
53063,WA,Spokane,Spokane,1,5562,2.364231803,2352.561196
53063,WA,Spokane,Spokane,1,4129,5.928258355,696.4946115
53063,WA,Spokane,Spokane,1,6028,12.16736873,495.423467
53063,WA,Spokane,Spokane,1,3373,0.784219464,4301.091922
53063,WA,Spokane,Spokane,1,3608,1.01368655,3559.285659
53063,WA,Spokane,Spokane,1,3582,1.025224441,3493.869104
53063,WA,Spokane,Spokane,1,2139,0.554963189,3854.309695
53063,WA,Spokane,Spokane,1,4110,0.967857766,4246.49173
53063,WA,Spokane,Spokane,1,3293,0.862430251,3818.279794
53063,WA,Spokane,Spokane,1,2994,1.067329656,2805.131465
53063,WA,Spokane,Spokane,1,6891,2.031658834,3391.809631
53063,WA,Spokane,Spokane,1,7487,4.171485351,1794.804337
53063,WA,Spokane,Spokane,1,9678,9.285440319,1042.276905
53063,WA,Spokane,Spokane,1,7403,10.54005501,702.3682506
53063,WA,Spokane,Spokane,1,9217,22.14581187,416.196076
53063,WA,Spokane,Spokane,2,2913,78.73254509,36.99867693
53063,WA,Spokane,Spokane,1,4656,7.756117403,600.3003511
53063,WA,Spokane,Spokane,1,7653,58.07046905,131.7881554
53063,WA,Spokane,Spokane,1,4101,12.31648679,332.9683268
53063,WA,Spokane,Spokane,1,3076,27.39357209,112.2891162
53063,WA,Spokane,Spokane,1,2776,6.530485856,425.0832268
53063,WA,Spokane,Spokane,2,5752,15.23467754,377.5596816
53063,WA,Spokane,Spokane,2,5433,1.081722772,5022.543796
53063,WA,Spokane,Spokane,2,4805,10.106531,475.4351421
53063,WA,Spokane,Spokane,1,5507,108.47843,50.76585271
53063,WA,Spokane,Spokane,2,3327,249.1399508,13.35394018
53063,WA,Spokane,Spokane,2,3195,332.5967333,9.606227844
53063,WA,Spokane,Spokane,1,4967,2.441131001,2034.712597
53063,WA,Spokane,Spokane,1,2104,3.041104824,691.8538235
53065,WA,Stevens,Stevens,10,2094,237.5824471,8.813782439
53065,WA,Stevens,Stevens,8,7292,672.421756,10.8443844
53065,WA,Stevens,Stevens,8,3923,205.8441078,19.05811171
53065,WA,Stevens,Stevens,7,2573,1.851725568,1389.514756
53065,WA,Stevens,Stevens,7,2352,2.698132192,871.7141461
53065,WA,Stevens,Stevens,8,2265,285.1137928,7.944196518
53065,WA,Stevens,Stevens,10,2543,5.947102072,427.6032208
53065,WA,Stevens,Stevens,10,3277,288.6203233,11.3540168
53065,WA,Stevens,Stevens,10,1548,261.997193,5.908460247
53065,WA,Stevens,Stevens,2,3596,236.0132418,15.23643323
53065,WA,Stevens,Stevens,2,4287,183.3521854,23.38123208
53065,WA,Stevens,Stevens,2,7781,96.32264976,80.78058504
53067,WA,Thurston,Thurston,1,3100,1.230695277,2518.901354
53067,WA,Thurston,Thurston,1,5141,2.237950909,2297.190693
53067,WA,Thurston,Thurston,1,5064,1.532772353,3303.81742
53067,WA,Thurston,Thurston,1,3513,1.580832807,2222.246391
53067,WA,Thurston,Thurston,1,1703,1.037292065,1641.774827
53067,WA,Thurston,Thurston,1,6035,1.43442904,4207.2489
53067,WA,Thurston,Thurston,1,5960,1.600240619,3724.439893
53067,WA,Thurston,Thurston,1,5422,2.032205555,2668.037191
53067,WA,Thurston,Thurston,1,6309,6.397073268,986.2322558
53067,WA,Thurston,Thurston,1,6567,2.426908156,2705.912041
53067,WA,Thurston,Thurston,1,4122,3.530826784,1167.431951
53067,WA,Thurston,Thurston,1,4879,10.789372,452.2042619
53067,WA,Thurston,Thurston,1,3568,2.596161835,1374.336511
53067,WA,Thurston,Thurston,1,4960,2.615936444,1896.07053
53067,WA,Thurston,Thurston,1,4336,1.282585479,3380.671363
53067,WA,Thurston,Thurston,1,5159,1.022402806,5045.956415
53067,WA,Thurston,Thurston,1,6707,2.174562971,3084.297898
53067,WA,Thurston,Thurston,1,5759,1.720196001,3347.87431
53067,WA,Thurston,Thurston,1,7501,3.089178405,2428.153708
53067,WA,Thurston,Thurston,1,6863,1.747214273,3927.966997
53067,WA,Thurston,Thurston,1,4414,0.833729732,5294.281627
53067,WA,Thurston,Thurston,1,5581,1.170418936,4768.37808
53067,WA,Thurston,Thurston,1,3708,3.950052278,938.7217532
53067,WA,Thurston,Thurston,1,7502,3.495539362,2146.163789
53067,WA,Thurston,Thurston,1,4540,7.765165707,584.6623461
53067,WA,Thurston,Thurston,2,3521,73.04474847,48.20332842
53067,WA,Thurston,Thurston,1,4224,12.96402879,325.8246389
53067,WA,Thurston,Thurston,1,4127,13.88833423,297.155867
53067,WA,Thurston,Thurston,2,6767,52.4375472,129.0487515
53067,WA,Thurston,Thurston,1,7158,9.102884647,786.3441401
53067,WA,Thurston,Thurston,1,4175,11.23921771,371.4671348
53067,WA,Thurston,Thurston,1,2563,7.172003114,357.3618081
53067,WA,Thurston,Thurston,1,7005,3.876151936,1807.204701
53067,WA,Thurston,Thurston,1,5219,13.44042019,388.3063124
53067,WA,Thurston,Thurston,1,7128,10.32925172,690.0790294
53067,WA,Thurston,Thurston,1,9225,5.11186075,1804.626623
53067,WA,Thurston,Thurston,1,2839,11.52399509,246.3555371
53067,WA,Thurston,Thurston,1,4246,1.224013007,3468.917385
53067,WA,Thurston,Thurston,2,7354,9.556393311,769.5371842
53067,WA,Thurston,Thurston,2,4794,8.469383256,566.0388549
53067,WA,Thurston,Thurston,1,4021,33.71342647,119.2699889
53067,WA,Thurston,Thurston,2,3233,54.25905873,59.58452055
53067,WA,Thurston,Thurston,2,7154,97.74228336,73.19247877
53067,WA,Thurston,Thurston,2,3909,26.2170844,149.1012479
53067,WA,Thurston,Thurston,2,5682,49.59651705,114.5644964
53067,WA,Thurston,Thurston,2,4519,59.43630704,76.0309687
53067,WA,Thurston,Thurston,4,2246,16.03494418,140.0690876
53067,WA,Thurston,Thurston,4,6400,29.95406929,213.6604526
53067,WA,Thurston,Thurston,4,6342,42.33379576,149.8093872
53067,WA,Thurston,Thurston,99,0,0,
53069,WA,Wahkiakum,Wahkiakum,10,3978,263.3752902,15.10392261
53071,WA,Walla,Walla Walla,1,5224,631.7951832,8.268502418
53071,WA,Walla,Walla Walla,2,4880,568.2727808,8.587425203
53071,WA,Walla,Walla Walla,1,3861,27.24014127,141.739353
53071,WA,Walla,Walla Walla,1,8585,2.135844259,4019.487828
53071,WA,Walla,Walla Walla,1,2317,0.894401441,2590.559332
53071,WA,Walla,Walla Walla,1,2839,1.457977411,1947.218097
53071,WA,Walla,Walla Walla,1,5874,2.590093082,2267.872163
53071,WA,Walla,Walla Walla,1,3735,0.715652351,5219.014508
53071,WA,Walla,Walla Walla,1,4649,1.370934923,3391.116472
53071,WA,Walla,Walla Walla,1,4915,1.422396552,3455.435824
53071,WA,Walla,Walla Walla,1,3394,0.503677237,6738.4423
53071,WA,Walla,Walla Walla,1,8508,31.72993543,268.1379551
53073,WA,Whatcom,Whatcom,1,8998,33.50575678,268.550866
53073,WA,Whatcom,Whatcom,1,9737,16.49215981,590.4017492
53073,WA,Whatcom,Whatcom,1,7430,2.483052045,2992.285246
53073,WA,Whatcom,Whatcom,1,6349,1.772266512,3582.418308
53073,WA,Whatcom,Whatcom,1,5189,0.981412269,5287.27851
53073,WA,Whatcom,Whatcom,1,2668,0.481548177,5540.463296
53073,WA,Whatcom,Whatcom,1,1638,0.410433948,3990.897946
53073,WA,Whatcom,Whatcom,1,6489,1.219577465,5320.695229
53073,WA,Whatcom,Whatcom,1,6275,1.77764453,3529.952077
53073,WA,Whatcom,Whatcom,1,6642,4.279710176,1551.974252
53073,WA,Whatcom,Whatcom,1,4966,10.30714042,481.8019158
53073,WA,Whatcom,Whatcom,1,7983,36.66169612,217.7476998
53073,WA,Whatcom,Whatcom,1,6638,2.040285129,3253.466835
53073,WA,Whatcom,Whatcom,1,5833,6.359214406,917.2516647
53073,WA,Whatcom,Whatcom,1,7138,0.958144208,7449.818037
53073,WA,Whatcom,Whatcom,1,6637,2.198497831,3018.879485
53073,WA,Whatcom,Whatcom,1,6489,0.953251135,6807.230292
53073,WA,Whatcom,Whatcom,1,3515,22.25463438,157.9446303
53073,WA,Whatcom,Whatcom,2,7895,1634.304512,4.83080108
53073,WA,Whatcom,Whatcom,2,8079,69.98345977,115.4415633
53073,WA,Whatcom,Whatcom,4,6792,35.98582619,188.7409772
53073,WA,Whatcom,Whatcom,4,4483,1.643610704,2727.531519
53073,WA,Whatcom,Whatcom,4,5103,8.824308066,578.2889674
53073,WA,Whatcom,Whatcom,4,8049,30.7725086,261.5646357
53073,WA,Whatcom,Whatcom,4,5130,8.217260466,624.2956544
53073,WA,Whatcom,Whatcom,4,6252,23.02361169,271.5473178
53073,WA,Whatcom,Whatcom,1,7274,31.82665943,228.5505338
53073,WA,Whatcom,Whatcom,1,7426,7.546321836,984.0555652
53073,WA,Whatcom,Whatcom,1,6480,19.17624638,337.9180614
53073,WA,Whatcom,Whatcom,2,6197,33.01902557,187.6796754
53073,WA,Whatcom,Whatcom,2,4382,22.59256298,193.9576313
53073,WA,Whatcom,Whatcom,2,964,9.255003498,104.1598742
53073,WA,Whatcom,Whatcom,10,1314,4.885053908,268.9837256
53073,WA,Whatcom,Whatcom,2,4706,20.66432277,227.7355059
53075,WA,Whitman,Whitman,4,6520,0.565762467,11524.27102
53075,WA,Whitman,Whitman,4,6543,42.1187631,155.3464423
53075,WA,Whitman,Whitman,4,4504,62.52861172,72.0310251
53075,WA,Whitman,Whitman,4,3738,52.90293662,70.65770332
53075,WA,Whitman,Whitman,4,3212,0.568440858,5650.543864
53075,WA,Whitman,Whitman,4,7383,32.4852868,227.27212
53075,WA,Whitman,Whitman,10,3507,348.7494336,10.05593031
53075,WA,Whitman,Whitman,7,3521,136.9963174,25.7014208
53075,WA,Whitman,Whitman,10,3733,792.6669537,4.709417975
53075,WA,Whitman,Whitman,10,2115,689.5070066,3.067409004
53077,WA,Yakima,Yakima,1,3095,1.136202175,2723.987039
53077,WA,Yakima,Yakima,1,5553,1.374926834,4038.760365
53077,WA,Yakima,Yakima,1,4521,1.883517607,2400.296118
53077,WA,Yakima,Yakima,1,7423,4.100109344,1810.439522
53077,WA,Yakima,Yakima,1,5202,0.960526072,5415.782197
53077,WA,Yakima,Yakima,1,6953,0.590908915,11766.61888
53077,WA,Yakima,Yakima,1,7072,1.131283234,6251.308062
53077,WA,Yakima,Yakima,1,4495,0.99694516,4508.773584
53077,WA,Yakima,Yakima,1,7411,2.268171513,3267.389595
53077,WA,Yakima,Yakima,1,3805,1.90428836,1998.121755
53077,WA,Yakima,Yakima,1,5885,1.004220869,5860.264591
53077,WA,Yakima,Yakima,1,6931,4.918637847,1409.12997
53077,WA,Yakima,Yakima,1,3928,0.491222353,7996.378778
53077,WA,Yakima,Yakima,1,6318,1.076379504,5869.676981
53077,WA,Yakima,Yakima,1,2731,3.126562749,873.4831889
53077,WA,Yakima,Yakima,1,3444,2.138908752,1610.166865
53077,WA,Yakima,Yakima,1,6991,1.157978724,6037.243909
53077,WA,Yakima,Yakima,1,2804,0.65081344,4308.454355
53077,WA,Yakima,Yakima,2,2413,29.71882495,81.1943273
53077,WA,Yakima,Yakima,1,6854,7.923852543,864.9832847
53077,WA,Yakima,Yakima,2,3083,395.8472974,7.788356825
53077,WA,Yakima,Yakima,1,6023,31.91390423,188.7265173
53077,WA,Yakima,Yakima,10,7140,94.7670495,75.34264323
53077,WA,Yakima,Yakima,4,3834,2.038788211,1880.528826
53077,WA,Yakima,Yakima,4,6417,1.863758056,3443.043468
53077,WA,Yakima,Yakima,4,8401,3.34198614,2513.774638
53077,WA,Yakima,Yakima,4,8600,3.613654967,2379.861962
53077,WA,Yakima,Yakima,5,1950,74.45889016,26.18894797
53077,WA,Yakima,Yakima,6,7578,42.03451522,180.2804186
53077,WA,Yakima,Yakima,4,7745,80.13091914,96.65432624
53077,WA,Yakima,Yakima,7,3440,150.4699956,22.86170067
53077,WA,Yakima,Yakima,2,5359,35.48990073,151.0007042
53077,WA,Yakima,Yakima,1,7882,11.61690711,678.4938477
53077,WA,Yakima,Yakima,2,6570,82.02291903,80.09956337
53077,WA,Yakima,Yakima,2,4584,1165.540423,3.932939526
53077,WA,Yakima,Yakima,1,3668,11.19579357,327.6230467
53077,WA,Yakima,Yakima,1,5232,25.49495944,205.2170357
53077,WA,Yakima,Yakima,1,6682,4.195507083,1592.656112
53077,WA,Yakima,Yakima,1,4382,10.4697126,418.5406197
53077,WA,Yakima,Yakima,2,6409,117.7894299,54.41065472
53077,WA,Yakima,Yakima,10,4430,89.83659886,49.31175107
53077,WA,Yakima,Yakima,10,3682,1785.755773,2.061872097
53077,WA,Yakima,Yakima,2,6777,3.230965935,2097.515151
53077,WA,Yakima,Yakima,4,4695,1.982719997,2367.959171
53077,WA,Yakima,Yakima,4,4839,1.739051301,2782.551612
